2026-03-29 00:50:04,608 [INFO] 
[START] Category: BACKEND (Searching for keywords)
2026-03-29 00:50:04,608 [INFO] --- Searching for keyword: Backend ---
2026-03-29 00:50:04,608 [INFO] >> Phase 1: Collecting jobs for 'Backend' (BACKEND)
2026-03-29 00:50:15,146 [INFO]   Page 1: found 50 jobs. New items: 50
2026-03-29 00:50:20,148 [INFO]   Page 2: found 17 jobs. New items: 17
2026-03-29 00:50:35,142 [INFO]   [1/66] [OK] Senior Laravel Developer
2026-03-29 00:50:35,521 [INFO]   [2/66] [OK] [Real Estate & Retail Sector] Engineering Manager
2026-03-29 00:50:35,552 [INFO]   [3/66] [OK] [Real Estate & Retail Sector] Principle-Senior Backend Engineer
2026-03-29 00:50:35,600 [INFO]   [4/66] [OK] Solution Architect (khối Nền tảng&AI)
2026-03-29 00:50:35,755 [INFO]   [5/66] [OK] Nhân Viên Lập Trình Phòng Information System
2026-03-29 00:50:47,194 [INFO]   [6/66] [OK] Kỹ sư IT
2026-03-29 00:50:47,669 [INFO]   [7/66] [OK] Epicor ERP Technical Analyst
2026-03-29 00:50:47,975 [INFO]   [8/66] [OK] Software Solution Architect (Azure)
2026-03-29 00:50:48,131 [INFO]   [9/66] [OK] Lead Mobile App Developer (React Native / Full Stack)
2026-03-29 00:50:48,557 [INFO]   [10/66] [OK] Manual Tester
2026-03-29 00:50:59,150 [INFO]   [11/66] [OK] Senior Backend Developer (Python) - khối Nền tảng dữ liệu & AI
2026-03-29 00:50:59,879 [INFO]   [12/66] [OK] Kỹ Sư Giải Pháp Lập Trình
2026-03-29 00:51:00,523 [INFO]   [13/66] [OK] Lập Trình Viên
2026-03-29 00:51:00,693 [INFO]   [14/66] [OK] [Peru] IT Engineer (~$2000) - Quyền Lợi Hấp Dẫn
2026-03-29 00:51:00,818 [INFO]   [15/66] [OK] Machine Learning Engineer
2026-03-29 00:51:11,653 [INFO]   [16/66] [OK] QC Lead (Manual/ Automation)
2026-03-29 00:51:11,825 [INFO]   [17/66] [OK] Java Backend Developer (IT Backend Framework)
2026-03-29 00:51:13,159 [INFO]   [18/66] [OK] Software Tester (Automation/manual)
2026-03-29 00:51:13,282 [INFO]   [19/66] [OK] Java Developer (Mid Senior) Fintech Platform
2026-03-29 00:51:13,409 [INFO]   [20/66] [OK] (HN/HCM) Senior Automation/Manual Test
2026-03-29 00:51:23,952 [INFO]   [21/66] [OK] Manual Tester (JLPT N2+/ English)
2026-03-29 00:51:24,798 [INFO]   [22/66] [OK] Developer (Urgent)
2026-03-29 00:51:24,971 [INFO]   [23/66] [OK] Application Service Engineer
2026-03-29 00:51:25,868 [INFO]   [24/66] [OK] Agentic Engineer (Python/Go/C/C++ Backend & AI Agents) - Khối Công nghệ thông tin (HOLT.18)
2026-03-29 00:51:26,263 [INFO]   [25/66] [OK] AI Software Engineer (Python/Go/C/C++ Backend & AI Agents) - Khối Công nghệ thông tin (HOLT.19)
2026-03-29 00:51:36,278 [INFO]   [26/66] [OK] Tester Leader
2026-03-29 00:51:36,885 [INFO]   [27/66] [OK] Principle Full-Stack Engineer (R&D)
2026-03-29 00:51:37,310 [INFO]   [28/66] [OK] Nhân Viên IT (ODOO Developer)
2026-03-29 00:51:38,435 [INFO]   [29/66] [OK] Senior Backend Engineer (Work From Home)
2026-03-29 00:51:38,807 [INFO]   [30/66] [OK] Lập Trình Viên - Backend Developer (.NET Core, C#)
2026-03-29 00:51:48,080 [INFO]   [31/66] [OK] [Junior] Back-end NodeJS Developer
2026-03-29 00:51:49,110 [INFO]   [32/66] [OK] Lập Trình Viên Backend
2026-03-29 00:51:49,182 [INFO]   [33/66] [OK] IOS Developer (Swift)
2026-03-29 00:51:51,174 [INFO]   [34/66] [OK] Backend / .NET Engineer
2026-03-29 00:51:51,362 [INFO]   [35/66] [OK] Business Analyst (Chuyên Viên Phân Tích Nghiệp Vụ)
2026-03-29 00:51:59,829 [INFO]   [36/66] [OK] Chuyên Viên Giải Pháp Kiến Trúc
2026-03-29 00:52:01,681 [INFO]   [37/66] [OK] Senior Digital Application Developer
2026-03-29 00:52:01,837 [INFO]   [38/66] [OK] Java Developer
2026-03-29 00:52:03,649 [INFO]   [39/66] [OK] Kỹ Sư Kiểm Thử Phần Mềm/ QA Engineer
2026-03-29 00:52:03,819 [INFO]   [40/66] [OK] Chuyên Viên Vận Hành & Phát Triển Báo Cáo (Developer/software Engineer)
2026-03-29 00:52:11,931 [INFO]   [41/66] [OK] Engineering Lead (Node.js / AWS Serverless)
2026-03-29 00:52:13,964 [INFO]   [42/66] [OK] Full Stack Java Software Architect (Fintech, AWS, Microservices)
2026-03-29 00:52:14,752 [INFO]   [43/66] [OK] Business Solutions Developer
2026-03-29 00:52:16,207 [INFO]   [44/66] [OK] Front-End Developer
2026-03-29 00:52:16,359 [INFO]   [45/66] [OK] Enterprise Database Architect (Fintech)
2026-03-29 00:52:23,270 [INFO]   [46/66] [OK] Back-end Developer (Java, SQL, Spring, English,chinese)
2026-03-29 00:52:26,876 [INFO]   [47/66] [OK] Senior Software Engineer
2026-03-29 00:52:27,046 [INFO]   [48/66] [OK] Senior Backend (AWS, DevOps)
2026-03-29 00:52:28,536 [INFO]   [49/66] [OK] Senior/Techlead Python
2026-03-29 00:52:28,738 [INFO]   [50/66] [OK] Software Engineer (C#, .NET, SQL)
2026-03-29 00:52:35,617 [INFO]   [51/66] [OK] Junior Academics/ Finance MIS Executive
2026-03-29 00:52:39,007 [INFO]   [52/66] [OK] Tester
2026-03-29 00:52:39,263 [INFO]   [53/66] [OK] Senior BackEnd Engineer (Java, Go) - Khối Công Nghệ Thông Tin (HOLT.03)
2026-03-29 00:52:41,182 [INFO]   [54/66] [OK] Senior BackEnd Engineer (Java, Go) - Khối Công Nghệ Thông Tin (HOLT.11)
2026-03-29 00:52:41,382 [INFO]   [55/66] [OK] MB Trainee - BackEnd Engineer (Fresher) - Khối Công Nghệ Thông Tin (HOLT.09)
2026-03-29 00:52:47,438 [INFO]   [56/66] [OK] Backend Developer (Golang) - Middle
2026-03-29 00:52:51,393 [INFO]   [57/66] [OK] Software Developer Web Applications
2026-03-29 00:52:51,536 [INFO]   [58/66] [OK] AI Software Engineer
2026-03-29 00:52:53,406 [INFO]   [59/66] [OK] Back-end Developer
2026-03-29 00:52:53,590 [INFO]   [60/66] [OK] Chuyên Viên Business Analyst (BA)
2026-03-29 00:53:00,229 [INFO]   [61/66] [OK] Back - End Developer (Java)
2026-03-29 00:53:03,905 [INFO]   [62/66] [OK] Fullstack Software Developer (Java, Javascript, HTML5)
2026-03-29 00:53:04,245 [INFO]   [63/66] [OK] AI Engineer (Japanese Or/And Vietnamese Speaking)
2026-03-29 00:53:06,536 [INFO]   [64/66] [OK] QA Engineer (Overseas Testing)
2026-03-29 00:53:06,643 [INFO]   [65/66] [OK] Software Developer
2026-03-29 00:53:12,148 [INFO]   [66/66] [OK] Quality Control Specialist
2026-03-29 00:53:12,182 [INFO] [SAVE] Added 66 new IT jobs to data\vnworks_it_full.csv
2026-03-29 00:53:12,183 [INFO] --- Searching for keyword: Java ---
2026-03-29 00:53:12,184 [INFO] >> Phase 1: Collecting jobs for 'Java' (BACKEND)
2026-03-29 00:53:22,708 [INFO]   Page 1: found 48 jobs. New items: 31
2026-03-29 00:53:28,719 [INFO]   Page 2: found 25 jobs. New items: 20
2026-03-29 00:53:34,220 [INFO]   Page 3: found 25 jobs. New items: 0
2026-03-29 00:53:40,283 [INFO]   Page 4: found 25 jobs. New items: 0
2026-03-29 00:53:47,081 [INFO]   Page 5: found 25 jobs. New items: 0
2026-03-29 00:53:52,415 [INFO]   Page 6: found 25 jobs. New items: 0
2026-03-29 00:53:58,277 [INFO]   Page 7: found 25 jobs. New items: 0
2026-03-29 00:54:03,506 [INFO]   Page 8: found 25 jobs. New items: 0
2026-03-29 00:54:08,863 [INFO]   Page 9: found 25 jobs. New items: 0
2026-03-29 00:54:14,113 [INFO]   Page 10: found 25 jobs. New items: 0
2026-03-29 00:54:15,744 [INFO] [START] General IT crawl from g=5 listing (target=1000 new jobs)
2026-03-29 00:54:15,757 [INFO]   Already have 66 jobs – will skip duplicates.
2026-03-29 00:54:17,150 [INFO]   Listing page 1: https://www.vietnamworks.com/viec-lam?g=5&page=1
2026-03-29 00:54:27,428 [INFO]   Page 1: 50 jobs scraped, 45 new.
2026-03-29 00:54:27,429 [INFO]   Listing page 2: https://www.vietnamworks.com/viec-lam?g=5&page=2
2026-03-29 00:54:29,958 [INFO]   [1/51] [OK] Java/ PHP Developer
2026-03-29 00:54:30,255 [INFO]   [2/51] [OK] Chuyên Viên Lập Trình Frontend (Frontend Developer) - Mã Số: Ptud-02
2026-03-29 00:54:30,499 [INFO]   [3/51] [OK] Senior Java Developer
2026-03-29 00:54:30,627 [INFO]   [4/51] [OK] [Ha Noi] Senior Java Engineer - Hot Job
2026-03-29 00:54:31,149 [INFO]   [5/51] [OK] Software Developer (Fresher and Junior)
2026-03-29 00:54:33,298 [INFO]   Page 2: 55 jobs scraped, 43 new.
2026-03-29 00:54:33,298 [INFO]   Listing page 3: https://www.vietnamworks.com/viec-lam?g=5&page=3
2026-03-29 00:54:39,772 [INFO]   Page 3: 55 jobs scraped, 52 new.
2026-03-29 00:54:39,773 [INFO]   Listing page 4: https://www.vietnamworks.com/viec-lam?g=5&page=4
2026-03-29 00:54:42,733 [INFO]   [6/51] [OK] System Performance Optimization
2026-03-29 00:54:42,903 [INFO]   [7/51] [OK] .NET/Java Developer (Enrich Mendix)
2026-03-29 00:54:43,793 [INFO]   [8/51] [OK] Team Lead / Technical Lead Java Full Stack (Spring Boot, Angular/reactjs)
2026-03-29 00:54:43,935 [INFO]   [9/51] [OK] Nhân Viên IT (Ưu Tiên Kinh Nghiệm Laravel)
2026-03-29 00:54:44,337 [INFO]   [10/51] [OK] Android Automotive Developer
2026-03-29 00:54:46,588 [INFO]   Page 4: 53 jobs scraped, 46 new.
2026-03-29 00:54:46,615 [INFO]   Listing page 5: https://www.vietnamworks.com/viec-lam?g=5&page=5
2026-03-29 00:54:56,319 [INFO]   Page 5: 55 jobs scraped, 47 new.
2026-03-29 00:54:56,319 [INFO]   Listing page 6: https://www.vietnamworks.com/viec-lam?g=5&page=6
2026-03-29 00:54:58,289 [INFO]   [11/51] [OK] Dev Lead - Trưởng nhóm lập trình
2026-03-29 00:54:58,677 [INFO]   [12/51] [OK] Project Leader (Japanese Speaking)
2026-03-29 00:54:59,200 [INFO]   [13/51] [OK] Senior Software Developer (Chuyên Viên Lập Trình Cao Cấp)
2026-03-29 00:54:59,573 [INFO]   [14/51] [OK] Phó Giám Đốc Công Nghệ Phần Mềm
2026-03-29 00:55:00,161 [INFO]   [15/51] [OK] Java Senior - Techlead English
2026-03-29 00:55:04,143 [INFO]   Page 6: 55 jobs scraped, 48 new.
2026-03-29 00:55:04,153 [INFO]   Listing page 7: https://www.vietnamworks.com/viec-lam?g=5&page=7
2026-03-29 00:55:12,226 [INFO]   [16/51] [OK] Automation Tester (QA/QC)
2026-03-29 00:55:12,385 [INFO]   Page 7: 55 jobs scraped, 44 new.
2026-03-29 00:55:12,385 [INFO]   Listing page 8: https://www.vietnamworks.com/viec-lam?g=5&page=8
2026-03-29 00:55:12,981 [INFO]   [17/51] [OK] Software Engineering - Kỹ Sư Phần Mềm
2026-03-29 00:55:14,987 [INFO]   [18/51] [OK] Senior Manufacturing Systems Engineer
2026-03-29 00:55:15,396 [INFO]   [19/51] [OK] Senior Software Engineer (C++/ C# Desktop Applications)
2026-03-29 00:55:16,006 [INFO]   [20/51] [OK] Project Manager Java, Chinese, English
2026-03-29 00:55:24,664 [INFO]   Page 8: 55 jobs scraped, 42 new.
2026-03-29 00:55:24,667 [INFO]   Listing page 9: https://www.vietnamworks.com/viec-lam?g=5&page=9
2026-03-29 00:55:32,758 [INFO]   [21/51] [OK] Lập Trình Viên/full Stack Developer (Java/angular)
2026-03-29 00:55:33,523 [INFO]   [22/51] [OK] [Internship Program] Fullstack Engineer Intern (Java/ NodeJS/ Python/ Django/ React/ .NET)
2026-03-29 00:55:34,109 [INFO]   Page 9: 55 jobs scraped, 50 new.
2026-03-29 00:55:34,113 [INFO]   Listing page 10: https://www.vietnamworks.com/viec-lam?g=5&page=10
2026-03-29 00:55:34,293 [INFO]   [23/51] [OK] Trưởng Nhóm Phát Triển Phần Mềm (Back-Office Technology)
2026-03-29 00:55:35,184 [INFO]   [24/51] [OK] Kỹ Sư Phát Triển Phần Mềm
2026-03-29 00:55:46,938 [INFO]   Page 10: 55 jobs scraped, 52 new.
2026-03-29 00:55:46,940 [INFO]   Listing page 11: https://www.vietnamworks.com/viec-lam?g=5&page=11
2026-03-29 00:55:55,328 [WARNING] Retrying (Retry(total=2, connect=None, read=None, redirect=None, status=None)) after connection broken by 'ConnectionResetError(10054, 'An existing connection was forcibly closed by the remote host', None, 10054, None)': /session/60058a2f68e9afbb1b3ccd9174a7abad
2026-03-29 00:55:55,492 [INFO]   [25/51] [OK] Python Coding Large-Scale Proejct (Remote)
2026-03-29 00:55:55,629 [INFO]   [26/51] [OK] [Hà Nội] Phát Triển Ứng Dụng
2026-03-29 00:55:55,683 [INFO]   [27/51] [OK] Kỹ Sư Phần Mềm (Software Engineering) - Làm Việc Tại Bắc Ninh
2026-03-29 00:55:59,397 [WARNING] Retrying (Retry(total=1, connect=None, read=None, redirect=None, status=None)) after connection broken by 'NewConnectionError("HTTPConnection(host='localhost', port=60113): Failed to establish a new connection: [WinError 10061] No connection could be made because the target machine actively refused it")': /session/60058a2f68e9afbb1b3ccd9174a7abad
2026-03-29 00:56:00,093 [INFO]   [28/51] [OK] Nhân Viên Phát Triển Phần Mêm
2026-03-29 00:56:01,766 [INFO]   [29/51] [OK] Full Stack Developer
2026-03-29 00:56:03,489 [WARNING] Retrying (Retry(total=0, connect=None, read=None, redirect=None, status=None)) after connection broken by 'NewConnectionError("HTTPConnection(host='localhost', port=60113): Failed to establish a new connection: [WinError 10061] No connection could be made because the target machine actively refused it")': /session/60058a2f68e9afbb1b3ccd9174a7abad
2026-03-29 00:56:19,069 [INFO] [START] General g=5 + keyword crawl (target ~100 jobs/keyword)
2026-03-29 00:56:19,073 [INFO] 
[CAT] BACKEND: searching ['Backend', 'Java', 'Spring']
2026-03-29 00:56:21,337 [INFO]   [BACKEND][Backend] Page 1: https://www.vietnamworks.com/viec-lam?g=5&q=Backend&page=1
2026-03-29 00:56:22,703 [INFO]   [30/51] [OK] Nhân Viên IT - Phát Triển Hệ Thống (IT Staff - System Development)
2026-03-29 00:56:22,818 [INFO]   [31/51] [OK] Chuyên Viên Lập Trình / Software Developer
2026-03-29 00:56:22,968 [INFO]   [32/51] [OK] Merchandising Cum Quality Control Executive / Nhân Viên Merchandising kiêm Kiểm Soát Chất Lượng
2026-03-29 00:56:23,251 [INFO]     [SKIP] Final Filter (Non-IT): Kỹ Sư Trắc Đạc (Lương 20 -26 Triệu/ Tháng)
2026-03-29 00:56:23,968 [INFO]   [34/51] [OK] Kỹ Sư Shop Drawing (Lương 20 -28 Triệu/ Tháng)
2026-03-29 00:56:35,450 [INFO]     50 scraped, 0 new (total collected: 0)
2026-03-29 00:56:35,466 [INFO]   [BACKEND][Backend] Page 2: https://www.vietnamworks.com/viec-lam?g=5&q=Backend&page=2
2026-03-29 00:56:46,849 [INFO]     17 scraped, 1 new (total collected: 1)
2026-03-29 00:56:46,851 [INFO]   [BACKEND][Backend] Page 3: https://www.vietnamworks.com/viec-lam?g=5&q=Backend&page=3
2026-03-29 00:56:47,283 [INFO]     [SKIP] Final Filter (Non-IT): Tuyển Nữ - Nhân Viên Kế Toán Lương Upto 13 Triệu/tháng
2026-03-29 00:56:47,393 [INFO]     [SKIP] Final Filter (Non-IT): Industrial Sales Executive (Chinese Speaking) | Hai Phong & Hai Duong
2026-03-29 00:56:48,096 [INFO]   [37/51] [OK] Kỹ Sư Hiện Trường – Thu Nhập Hấp Dẫn Upto 35Tr/tháng
2026-03-29 00:56:48,866 [INFO]   [38/51] [OK] Trưởng Phòng Hồ Sơ Du Học (Tiếng Anh)
2026-03-29 00:56:58,882 [INFO]     20 scraped, 20 new (total collected: 21)
2026-03-29 00:56:58,884 [INFO]   [BACKEND][Backend] Page 4: https://www.vietnamworks.com/viec-lam?g=5&q=Backend&page=4
2026-03-29 00:57:07,995 [INFO]     20 scraped, 0 new (total collected: 21)
2026-03-29 00:57:08,004 [INFO]   [BACKEND][Backend] Page 5: https://www.vietnamworks.com/viec-lam?g=5&q=Backend&page=5
2026-03-29 00:57:17,304 [INFO]     20 scraped, 0 new (total collected: 21)
2026-03-29 00:57:17,305 [INFO]   [BACKEND][Backend] Page 6: https://www.vietnamworks.com/viec-lam?g=5&q=Backend&page=6
2026-03-29 00:57:19,445 [INFO]   [39/51] [OK] Kỹ Sư Thiết Kế
2026-03-29 00:57:20,178 [INFO]     [SKIP] Final Filter (Non-IT): Tuyển Dụng Nhân Viên Kinh Doanh
2026-03-29 00:57:20,256 [INFO]     [SKIP] Final Filter (Non-IT): Sales Supervisor – Medical Equipment
2026-03-29 00:57:26,615 [INFO]     20 scraped, 0 new (total collected: 21)
2026-03-29 00:57:26,659 [INFO]   [BACKEND][Backend] Page 7: https://www.vietnamworks.com/viec-lam?g=5&q=Backend&page=7
2026-03-29 00:57:37,950 [INFO]     20 scraped, 0 new (total collected: 21)
2026-03-29 00:57:37,958 [INFO]   [BACKEND][Backend] Page 8: https://www.vietnamworks.com/viec-lam?g=5&q=Backend&page=8
2026-03-29 00:57:44,966 [INFO]   [42/51] [OK] Welding Materials Engineer/ Kỹ Sư Hàn
2026-03-29 00:57:45,444 [INFO]     [SKIP] Final Filter (Non-IT): Chuyên Viên Kinh Doanh Nhựa Công Nghiệp – Lương Cứng Upto 17 Triệu + Thưởng Doanh Số, Hoa Hồng
2026-03-29 00:57:45,818 [INFO]   [44/51] [OK] Lead Iron Casting Simulation & Mold Design Engineer
2026-03-29 00:57:46,003 [INFO]     20 scraped, 0 new (total collected: 21)
2026-03-29 00:57:46,004 [INFO]   [BACKEND][Backend] Page 9: https://www.vietnamworks.com/viec-lam?g=5&q=Backend&page=9
2026-03-29 00:57:55,026 [INFO]     20 scraped, 0 new (total collected: 21)
2026-03-29 00:57:55,046 [INFO]   [BACKEND][Backend] Page 10: https://www.vietnamworks.com/viec-lam?g=5&q=Backend&page=10
2026-03-29 00:58:03,349 [INFO]   [45/51] [OK] Architect Intern Sketchup/render D5
2026-03-29 00:58:04,249 [INFO]     20 scraped, 0 new (total collected: 21)
2026-03-29 00:58:04,587 [INFO]   [46/51] [OK] Nhân Viên Thiết Kế Hệ Thống Điều Hòa - HVAC
2026-03-29 00:58:04,763 [INFO]     [SKIP] Final Filter (Non-IT): Kế Toán Tổng Hợp (General Accountant)
2026-03-29 00:58:06,730 [INFO]   Collected 21 URLs for 'Backend'. Starting detail extraction...
2026-03-29 00:58:18,623 [INFO]   [48/51] [OK] Trưởng Nhóm Thanh Quyết Toán (Đi Dự Án)
2026-03-29 00:58:21,708 [INFO]     [SKIP] Final Filter (Non-IT): Nhân Viên Kinh Doanh (Không Yêu Cầu Kinh Nghiệm)
2026-03-29 00:58:23,121 [INFO]   [1/21] [OK] Senior Developer | BACKEND
2026-03-29 00:58:23,435 [INFO]   [2/21] [OK] Trưởng Phòng Hồ Sơ Du Học (Tiếng Anh) | OTHER_IT
2026-03-29 00:58:23,854 [INFO]     [SKIP] Non-IT: Kỹ Sư Trắc Đạc (Lương 20 -26 Triệu/ Tháng)
2026-03-29 00:58:24,009 [INFO]   [4/21] [OK] Merchandising Cum Quality Control Executive / Nhân Viên Merchandising kiêm Kiểm Soát Chất Lượng | OTHER_IT
2026-03-29 00:58:24,146 [INFO]   [5/21] [OK] Kỹ Sư Shop Drawing (Lương 20 -28 Triệu/ Tháng) | DATA
2026-03-29 00:58:37,554 [INFO]     [SKIP] Non-IT: Tuyển Nữ - Nhân Viên Kế Toán Lương Upto 13 Triệu/tháng
2026-03-29 00:58:37,854 [INFO]     [SKIP] Non-IT: Sales Supervisor – Medical Equipment
2026-03-29 00:58:38,582 [INFO]   [8/21] [OK] Kỹ Sư Hiện Trường – Thu Nhập Hấp Dẫn Upto 35Tr/tháng | DATA
2026-03-29 00:58:38,798 [INFO]     [SKIP] Non-IT: Nhân Viên Thiết Kế Thời Trang
2026-03-29 00:58:49,792 [ERROR] Detail error https://www.vietnamworks.com/nhan-vien-thiet-ke-thoi-trang-2018950-jv/: HTTPConnectionPool(host='localhost', port=57007): Read timed out. (read timeout=120)
2026-03-29 00:58:49,851 [ERROR] Detail error https://www.vietnamworks.com/ke-toan-tong-hop--2019230-jv/: HTTPConnectionPool(host='localhost', port=50220): Read timed out. (read timeout=120)
2026-03-29 00:58:50,053 [INFO]     [SKIP] Non-IT: Industrial Sales Executive (Chinese Speaking) | Hai Phong & Hai Duong
2026-03-29 00:58:51,524 [INFO]     [SKIP] Non-IT: Tuyển Dụng Nhân Viên Kinh Doanh
2026-03-29 00:58:51,975 [INFO]     [SKIP] Non-IT: Kế Toán Tổng Hợp
2026-03-29 00:58:52,460 [INFO]   [13/21] [OK] Kỹ Sư Thiết Kế | OTHER_IT
2026-03-29 00:58:53,632 [INFO]   [14/21] [OK] Welding Materials Engineer/ Kỹ Sư Hàn | DATA
2026-03-29 00:59:03,309 [INFO]   [15/21] [OK] Lead Iron Casting Simulation & Mold Design Engineer | OTHER_IT
2026-03-29 00:59:04,763 [INFO]     [SKIP] Non-IT: Chuyên Viên Kinh Doanh Nhựa Công Nghiệp – Lương Cứng Upto 17 Triệu + Thưởng Doanh Số, Hoa Hồng
2026-03-29 00:59:04,991 [INFO]   [17/21] [OK] Architect Intern Sketchup/render D5 | OTHER_IT
2026-03-29 00:59:06,611 [INFO]   [18/21] [OK] Nhân Viên Thiết Kế Hệ Thống Điều Hòa - HVAC | DATA
2026-03-29 00:59:07,441 [INFO]     [SKIP] Non-IT: Kế Toán Tổng Hợp (General Accountant)
2026-03-29 00:59:15,427 [INFO]   [20/21] [OK] Trưởng Nhóm Thanh Quyết Toán (Đi Dự Án) | QA
2026-03-29 00:59:16,922 [INFO]     [SKIP] Non-IT: Nhân Viên Kinh Doanh (Không Yêu Cầu Kinh Nghiệm)
2026-03-29 00:59:16,970 [INFO] [SAVE] +11 jobs for keyword 'Backend' → data\vnworks_it_full.csv
2026-03-29 00:59:18,207 [INFO]   [BACKEND][Java] Page 1: https://www.vietnamworks.com/viec-lam?g=5&q=Java&page=1
2026-03-29 00:59:27,465 [INFO]     48 scraped, 31 new (total collected: 31)
2026-03-29 00:59:27,465 [INFO]   [BACKEND][Java] Page 2: https://www.vietnamworks.com/viec-lam?g=5&q=Java&page=2
2026-03-29 00:59:33,944 [INFO]     25 scraped, 10 new (total collected: 41)
2026-03-29 00:59:33,945 [INFO]   [BACKEND][Java] Page 3: https://www.vietnamworks.com/viec-lam?g=5&q=Java&page=3
2026-03-29 00:59:39,637 [INFO]     25 scraped, 0 new (total collected: 41)
2026-03-29 00:59:39,637 [INFO]   [BACKEND][Java] Page 4: https://www.vietnamworks.com/viec-lam?g=5&q=Java&page=4
2026-03-29 00:59:44,790 [INFO]     25 scraped, 0 new (total collected: 41)
2026-03-29 00:59:44,790 [INFO]   [BACKEND][Java] Page 5: https://www.vietnamworks.com/viec-lam?g=5&q=Java&page=5
2026-03-29 00:59:50,859 [INFO]     25 scraped, 0 new (total collected: 41)
2026-03-29 00:59:50,860 [INFO]   [BACKEND][Java] Page 6: https://www.vietnamworks.com/viec-lam?g=5&q=Java&page=6
2026-03-29 00:59:56,610 [INFO]     25 scraped, 0 new (total collected: 41)
2026-03-29 00:59:56,612 [INFO]   [BACKEND][Java] Page 7: https://www.vietnamworks.com/viec-lam?g=5&q=Java&page=7
2026-03-29 01:00:03,643 [INFO]     25 scraped, 0 new (total collected: 41)
2026-03-29 01:00:03,643 [INFO]   [BACKEND][Java] Page 8: https://www.vietnamworks.com/viec-lam?g=5&q=Java&page=8
2026-03-29 01:00:10,698 [INFO]     25 scraped, 0 new (total collected: 41)
2026-03-29 01:00:10,699 [INFO]   [BACKEND][Java] Page 9: https://www.vietnamworks.com/viec-lam?g=5&q=Java&page=9
2026-03-29 01:00:17,957 [INFO]     25 scraped, 0 new (total collected: 41)
2026-03-29 01:00:17,957 [INFO]   [BACKEND][Java] Page 10: https://www.vietnamworks.com/viec-lam?g=5&q=Java&page=10
2026-03-29 01:00:24,489 [INFO]     25 scraped, 0 new (total collected: 41)
2026-03-29 01:00:26,928 [INFO]   Collected 41 URLs for 'Java'. Starting detail extraction...
2026-03-29 01:00:43,585 [INFO]   [1/41] [OK] Software Developer (Fresher and Junior) | BACKEND
2026-03-29 01:00:44,287 [INFO]   [2/41] [OK] [Ha Noi] Senior Java Engineer - Hot Job | BACKEND
2026-03-29 01:00:44,611 [INFO]   [3/41] [OK] Java/ PHP Developer | BACKEND
2026-03-29 01:00:44,846 [INFO]   [4/41] [OK] Chuyên Viên Lập Trình Frontend (Frontend Developer) - Mã Số: Ptud-02 | BACKEND
2026-03-29 01:00:45,294 [INFO]   [5/41] [OK] Senior Java Developer | BACKEND
2026-03-29 01:00:49,813 [WARNING] Retrying (Retry(total=2, connect=None, read=None, redirect=None, status=None)) after connection broken by 'ReadTimeoutError("HTTPConnectionPool(host='localhost', port=57007): Read timed out. (read timeout=120)")': /session/be4444658e7c8671f0bc8fe0fdd3ccc9
2026-03-29 01:00:49,860 [WARNING] Retrying (Retry(total=2, connect=None, read=None, redirect=None, status=None)) after connection broken by 'ReadTimeoutError("HTTPConnectionPool(host='localhost', port=50220): Read timed out. (read timeout=120)")': /session/dc351b1c75be9abf61c262948ba6698d
2026-03-29 01:01:02,451 [INFO]   [6/41] [OK] System Performance Optimization | MOBILE
2026-03-29 01:01:03,011 [INFO]   [7/41] [OK] .NET/Java Developer (Enrich Mendix) | BACKEND
2026-03-29 01:01:03,425 [INFO]   [8/41] [OK] Nhân Viên IT (Ưu Tiên Kinh Nghiệm Laravel) | BACKEND
2026-03-29 01:01:03,506 [INFO]   [9/41] [OK] Team Lead / Technical Lead Java Full Stack (Spring Boot, Angular/reactjs) | BACKEND
2026-03-29 01:01:16,602 [INFO]   [10/41] [OK] Android Automotive Developer | DATA
2026-03-29 01:01:19,006 [INFO]   [11/41] [OK] Dev Lead - Trưởng nhóm lập trình | BACKEND
2026-03-29 01:01:19,391 [INFO]   [12/41] [OK] Project Leader (Japanese Speaking) | OTHER_IT
2026-03-29 01:01:22,475 [INFO]   [13/41] [OK] Senior Software Developer (Chuyên Viên Lập Trình Cao Cấp) | BACKEND
2026-03-29 01:01:23,550 [INFO]   [14/41] [OK] Phó Giám Đốc Công Nghệ Phần Mềm | DATA
2026-03-29 01:01:33,341 [INFO]   [15/41] [OK] Java Senior - Techlead English | BACKEND
2026-03-29 01:01:34,871 [INFO]   [16/41] [OK] Project Manager Java, Chinese, English | BACKEND
2026-03-29 01:01:35,328 [INFO]   [17/41] [OK] Automation Tester (QA/QC) | FRONTEND
2026-03-29 01:01:36,808 [INFO]   [18/41] [OK] Software Engineering - Kỹ Sư Phần Mềm | DATA
2026-03-29 01:01:46,759 [INFO]   [19/41] [OK] Senior Manufacturing Systems Engineer | DATA
2026-03-29 01:01:48,544 [INFO]   [20/41] [OK] Senior Software Engineer (C++/ C# Desktop Applications) | BACKEND
2026-03-29 01:01:49,044 [INFO]   [21/41] [OK] [Internship Program] Fullstack Engineer Intern (Java/ NodeJS/ Python/ Django/ React/ .NET) | BACKEND
2026-03-29 01:01:53,941 [INFO]   [22/41] [OK] Lập Trình Viên/full Stack Developer (Java/angular) | BACKEND
2026-03-29 01:01:54,427 [ERROR] Worker failed: 'description'
2026-03-29 01:01:54,428 [ERROR] Worker failed: 'description'
2026-03-29 01:01:54,510 [INFO] [SAVE] Added 41 new IT jobs to data\vnworks_it_full.csv
2026-03-29 01:01:54,515 [INFO] --- Searching for keyword: Spring ---
2026-03-29 01:01:54,535 [INFO] >> Phase 1: Collecting jobs for 'Spring' (BACKEND)
2026-03-29 01:01:56,107 [INFO]   [23/41] [OK] Trưởng Nhóm Phát Triển Phần Mềm (Back-Office Technology) | BACKEND
2026-03-29 01:02:09,808 [INFO]   [24/41] [OK] [Hà Nội] Phát Triển Ứng Dụng | DATA
2026-03-29 01:02:09,933 [INFO]   [25/41] [OK] Kỹ Sư Phát Triển Phần Mềm | BACKEND
2026-03-29 01:02:10,041 [INFO]   [26/41] [OK] Python Coding Large-Scale Proejct (Remote) | BACKEND
2026-03-29 01:02:10,173 [INFO]   [27/41] [OK] Kỹ Sư Phần Mềm (Software Engineering) - Làm Việc Tại Bắc Ninh | BACKEND
2026-03-29 01:02:11,189 [INFO]   [28/41] [OK] Full Stack Developer | BACKEND
2026-03-29 01:02:11,820 [INFO]   Page 1: found 17 jobs. New items: 2
2026-03-29 01:02:25,086 [INFO]   Page 2: found 25 jobs. New items: 10
2026-03-29 01:02:33,904 [INFO]   Page 3: found 25 jobs. New items: 0
2026-03-29 01:02:36,396 [INFO]     [SKIP] Non-IT: Tuyển Nữ - Nhân Viên Kế Toán Lương Upto 13 Triệu/tháng
2026-03-29 01:02:36,603 [INFO]   [30/41] [OK] Nhân Viên Phát Triển Phần Mêm | DATA
2026-03-29 01:02:36,737 [INFO]   [31/41] [OK] Chuyên Viên Lập Trình / Software Developer | BACKEND
2026-03-29 01:02:36,982 [INFO]     [SKIP] Non-IT: Kỹ Sư Trắc Đạc (Lương 20 -26 Triệu/ Tháng)
2026-03-29 01:02:42,920 [INFO]   Page 4: found 25 jobs. New items: 0
2026-03-29 01:02:56,539 [INFO]   Page 5: found 25 jobs. New items: 0
2026-03-29 01:02:56,854 [INFO]     [SKIP] Non-IT: Nhân Viên Thiết Kế Thời Trang
2026-03-29 01:02:57,171 [INFO]     [SKIP] Non-IT: Sales Supervisor – Medical Equipment
2026-03-29 01:02:57,257 [INFO]   [35/41] [OK] Nhân Viên IT - Phát Triển Hệ Thống (IT Staff - System Development) | DATA
2026-03-29 01:02:58,273 [INFO]     [SKIP] Non-IT: Kế Toán Tổng Hợp
2026-03-29 01:02:58,595 [INFO]     [SKIP] Non-IT: Industrial Sales Executive (Chinese Speaking) | Hai Phong & Hai Duong
2026-03-29 01:03:06,018 [INFO]   Page 6: found 25 jobs. New items: 0
2026-03-29 01:03:14,468 [INFO]     [SKIP] Non-IT: Tuyển Dụng Nhân Viên Kinh Doanh
2026-03-29 01:03:14,563 [INFO]   Page 7: found 25 jobs. New items: 0
2026-03-29 01:03:14,669 [INFO]     [SKIP] Non-IT: Kế Toán Tổng Hợp (General Accountant)
2026-03-29 01:03:15,369 [INFO]     [SKIP] Non-IT: Nhân Viên Kinh Doanh (Không Yêu Cầu Kinh Nghiệm)
2026-03-29 01:03:16,710 [INFO]     [SKIP] Non-IT: Chuyên Viên Kinh Doanh Nhựa Công Nghiệp – Lương Cứng Upto 17 Triệu + Thưởng Doanh Số, Hoa Hồng
2026-03-29 01:03:16,732 [INFO] [SAVE] +31 jobs for keyword 'Java' → data\vnworks_it_full.csv
2026-03-29 01:03:18,029 [INFO]   [BACKEND][Spring] Page 1: https://www.vietnamworks.com/viec-lam?g=5&q=Spring&page=1
2026-03-29 01:03:21,216 [INFO]   Page 8: found 25 jobs. New items: 0
2026-03-29 01:03:27,706 [INFO]     17 scraped, 2 new (total collected: 2)
2026-03-29 01:03:27,706 [INFO]   [BACKEND][Spring] Page 2: https://www.vietnamworks.com/viec-lam?g=5&q=Spring&page=2
2026-03-29 01:03:28,106 [INFO]   Page 9: found 25 jobs. New items: 0
2026-03-29 01:03:34,567 [INFO]   Page 10: found 25 jobs. New items: 0
2026-03-29 01:03:34,624 [INFO]     25 scraped, 10 new (total collected: 12)
2026-03-29 01:03:34,625 [INFO]   [BACKEND][Spring] Page 3: https://www.vietnamworks.com/viec-lam?g=5&q=Spring&page=3
2026-03-29 01:03:48,114 [INFO]     25 scraped, 0 new (total collected: 12)
2026-03-29 01:03:48,159 [INFO]   [BACKEND][Spring] Page 4: https://www.vietnamworks.com/viec-lam?g=5&q=Spring&page=4
2026-03-29 01:03:58,747 [INFO]     25 scraped, 0 new (total collected: 12)
2026-03-29 01:03:58,747 [INFO]   [BACKEND][Spring] Page 5: https://www.vietnamworks.com/viec-lam?g=5&q=Spring&page=5
2026-03-29 01:03:58,794 [INFO]   [1/12] [OK] Senior Fullstack Developer - Khối Công Nghệ Thông Tin (HOLT.12)
2026-03-29 01:03:59,600 [INFO]     [SKIP] Final Filter (Non-IT): Sales Supervisor – Medical Equipment
2026-03-29 01:04:00,401 [INFO]   [3/12] [OK] Solution Architect (Spring Boot/.net, Togaf, Microservices)
2026-03-29 01:04:00,631 [INFO]     [SKIP] Final Filter (Non-IT): Tuyển Nữ - Nhân Viên Kế Toán Lương Upto 13 Triệu/tháng
2026-03-29 01:04:00,737 [INFO]     [SKIP] Final Filter (Non-IT): Kỹ Sư Trắc Đạc (Lương 20 -26 Triệu/ Tháng)
2026-03-29 01:04:08,008 [INFO]     25 scraped, 0 new (total collected: 12)
2026-03-29 01:04:08,040 [INFO]   [BACKEND][Spring] Page 6: https://www.vietnamworks.com/viec-lam?g=5&q=Spring&page=6
2026-03-29 01:04:17,896 [INFO]     25 scraped, 0 new (total collected: 12)
2026-03-29 01:04:17,898 [INFO]   [BACKEND][Spring] Page 7: https://www.vietnamworks.com/viec-lam?g=5&q=Spring&page=7
2026-03-29 01:04:25,671 [INFO]     [SKIP] Final Filter (Non-IT): Nhân Viên Thiết Kế Thời Trang
2026-03-29 01:04:25,770 [INFO]     [SKIP] Final Filter (Non-IT): Industrial Sales Executive (Chinese Speaking) | Hai Phong & Hai Duong
2026-03-29 01:04:25,984 [INFO]     25 scraped, 0 new (total collected: 12)
2026-03-29 01:04:25,984 [INFO]   [BACKEND][Spring] Page 8: https://www.vietnamworks.com/viec-lam?g=5&q=Spring&page=8
2026-03-29 01:04:26,030 [INFO]     [SKIP] Final Filter (Non-IT): Kế Toán Tổng Hợp
2026-03-29 01:04:26,108 [INFO]     [SKIP] Final Filter (Non-IT): Chuyên Viên Kinh Doanh Nhựa Công Nghiệp – Lương Cứng Upto 17 Triệu + Thưởng Doanh Số, Hoa Hồng
2026-03-29 01:04:34,345 [INFO]     [SKIP] Final Filter (Non-IT): Tuyển Dụng Nhân Viên Kinh Doanh
2026-03-29 01:04:34,417 [INFO]     25 scraped, 0 new (total collected: 12)
2026-03-29 01:04:34,417 [INFO]   [BACKEND][Spring] Page 9: https://www.vietnamworks.com/viec-lam?g=5&q=Spring&page=9
2026-03-29 01:04:38,843 [INFO]     [SKIP] Final Filter (Non-IT): Kế Toán Tổng Hợp (General Accountant)
2026-03-29 01:04:39,712 [INFO]     [SKIP] Final Filter (Non-IT): Nhân Viên Kinh Doanh (Không Yêu Cầu Kinh Nghiệm)
2026-03-29 01:04:39,720 [INFO] [SAVE] Added 2 new IT jobs to data\vnworks_it_full.csv
2026-03-29 01:04:39,720 [INFO] [CAT DONE] BACKEND: total 109 new jobs added.
2026-03-29 01:04:39,724 [INFO] 
[START] Category: FRONTEND (Searching for keywords)
2026-03-29 01:04:39,724 [INFO] --- Searching for keyword: Frontend ---
2026-03-29 01:04:39,725 [INFO] >> Phase 1: Collecting jobs for 'Frontend' (FRONTEND)
2026-03-29 01:04:41,640 [INFO]     25 scraped, 0 new (total collected: 12)
2026-03-29 01:04:41,640 [INFO]   [BACKEND][Spring] Page 10: https://www.vietnamworks.com/viec-lam?g=5&q=Spring&page=10
2026-03-29 01:04:48,802 [INFO]     25 scraped, 0 new (total collected: 12)
2026-03-29 01:04:50,409 [INFO]   Page 1: found 32 jobs. New items: 19
2026-03-29 01:04:51,134 [INFO]   Collected 12 URLs for 'Spring'. Starting detail extraction...
2026-03-29 01:05:00,072 [INFO]   Page 2: found 20 jobs. New items: 10
2026-03-29 01:05:10,248 [INFO]   Page 3: found 20 jobs. New items: 0
2026-03-29 01:05:11,714 [INFO]   [1/12] [OK] Senior Fullstack Developer - Khối Công Nghệ Thông Tin (HOLT.12) | BACKEND
2026-03-29 01:05:12,590 [INFO]   [2/12] [OK] Solution Architect (Spring Boot/.net, Togaf, Microservices) | BACKEND
2026-03-29 01:05:14,590 [INFO]     [SKIP] Non-IT: Tuyển Nữ - Nhân Viên Kế Toán Lương Upto 13 Triệu/tháng
2026-03-29 01:05:15,006 [INFO]     [SKIP] Non-IT: Kỹ Sư Trắc Đạc (Lương 20 -26 Triệu/ Tháng)
2026-03-29 01:05:15,418 [INFO]     [SKIP] Non-IT: Sales Supervisor – Medical Equipment
2026-03-29 01:05:18,206 [INFO]   Page 4: found 20 jobs. New items: 0
2026-03-29 01:05:34,596 [INFO]     [SKIP] Non-IT: Nhân Viên Thiết Kế Thời Trang
2026-03-29 01:05:34,645 [INFO]   Page 5: found 20 jobs. New items: 0
2026-03-29 01:05:34,826 [INFO]     [SKIP] Non-IT: Industrial Sales Executive (Chinese Speaking) | Hai Phong & Hai Duong
2026-03-29 01:05:35,440 [INFO]     [SKIP] Non-IT: Tuyển Dụng Nhân Viên Kinh Doanh
2026-03-29 01:05:36,116 [INFO]     [SKIP] Non-IT: Kế Toán Tổng Hợp
2026-03-29 01:05:39,815 [INFO]     [SKIP] Non-IT: Chuyên Viên Kinh Doanh Nhựa Công Nghiệp – Lương Cứng Upto 17 Triệu + Thưởng Doanh Số, Hoa Hồng
2026-03-29 01:05:42,400 [INFO]   Page 6: found 20 jobs. New items: 0
2026-03-29 01:05:46,715 [INFO]     [SKIP] Non-IT: Kế Toán Tổng Hợp (General Accountant)
2026-03-29 01:05:47,835 [INFO]     [SKIP] Non-IT: Nhân Viên Kinh Doanh (Không Yêu Cầu Kinh Nghiệm)
2026-03-29 01:05:47,848 [INFO] [SAVE] +2 jobs for keyword 'Spring' → data\vnworks_it_full.csv
2026-03-29 01:05:47,850 [INFO] 
[CAT] FRONTEND: searching ['Frontend', 'React', 'Angular']
2026-03-29 01:05:48,641 [INFO]   Page 7: found 20 jobs. New items: 0
2026-03-29 01:05:49,170 [INFO]   [FRONTEND][Frontend] Page 1: https://www.vietnamworks.com/viec-lam?g=5&q=Frontend&page=1
2026-03-29 01:05:55,015 [INFO]   Page 8: found 20 jobs. New items: 0
2026-03-29 01:05:58,590 [INFO]     32 scraped, 19 new (total collected: 19)
2026-03-29 01:05:58,592 [INFO]   [FRONTEND][Frontend] Page 2: https://www.vietnamworks.com/viec-lam?g=5&q=Frontend&page=2
2026-03-29 01:06:01,169 [INFO]   Page 9: found 20 jobs. New items: 0
2026-03-29 01:06:05,023 [INFO]     20 scraped, 10 new (total collected: 29)
2026-03-29 01:06:05,027 [INFO]   [FRONTEND][Frontend] Page 3: https://www.vietnamworks.com/viec-lam?g=5&q=Frontend&page=3
2026-03-29 01:06:07,568 [INFO]   Page 10: found 20 jobs. New items: 0
2026-03-29 01:06:11,540 [INFO]     20 scraped, 0 new (total collected: 29)
2026-03-29 01:06:11,541 [INFO]   [FRONTEND][Frontend] Page 4: https://www.vietnamworks.com/viec-lam?g=5&q=Frontend&page=4
2026-03-29 01:06:22,541 [INFO]     20 scraped, 0 new (total collected: 29)
2026-03-29 01:06:22,549 [INFO]   [FRONTEND][Frontend] Page 5: https://www.vietnamworks.com/viec-lam?g=5&q=Frontend&page=5
2026-03-29 01:06:31,393 [INFO]     20 scraped, 0 new (total collected: 29)
2026-03-29 01:06:31,394 [INFO]   [FRONTEND][Frontend] Page 6: https://www.vietnamworks.com/viec-lam?g=5&q=Frontend&page=6
2026-03-29 01:06:31,732 [INFO]   [1/29] [OK] (HN/HCM) Senior Frontend Engineer (JavaScript (ES6+))
2026-03-29 01:06:31,893 [INFO]   [2/29] [OK] Frontend Developer (ReactJS / Nextjs)
2026-03-29 01:06:31,924 [INFO]   [3/29] [OK] Lập Trình Viên Frontend
2026-03-29 01:06:32,469 [INFO]   [4/29] [OK] Frontend Developer
2026-03-29 01:06:32,759 [INFO]   [5/29] [OK] Chuyên Viên Front End
2026-03-29 01:06:41,395 [INFO]     20 scraped, 0 new (total collected: 29)
2026-03-29 01:06:41,482 [INFO]   [FRONTEND][Frontend] Page 7: https://www.vietnamworks.com/viec-lam?g=5&q=Frontend&page=7
2026-03-29 01:06:57,154 [INFO]     20 scraped, 0 new (total collected: 29)
2026-03-29 01:06:57,155 [INFO]   [FRONTEND][Frontend] Page 8: https://www.vietnamworks.com/viec-lam?g=5&q=Frontend&page=8
2026-03-29 01:06:58,744 [INFO]   [6/29] [OK] Senior PHP Developer (Laravel)
2026-03-29 01:06:58,898 [INFO]   [7/29] [OK] Junior Frontend Engineer - Work From Home
2026-03-29 01:06:59,610 [INFO]   [8/29] [OK] Lập Trình Viên - Frontend Developer (ReactJS) / Tối Thiểu 02 Năm Kinh Nghiệm
2026-03-29 01:06:59,670 [INFO]   [9/29] [OK] Ecommerce Funnel Builder, Shopify and Ctrwow, HTML CSS, Junior
2026-03-29 01:06:59,945 [INFO]   [10/29] [OK] Data Foundation Analyst & Auditor
2026-03-29 01:07:04,728 [INFO]     20 scraped, 0 new (total collected: 29)
2026-03-29 01:07:04,739 [INFO]   [FRONTEND][Frontend] Page 9: https://www.vietnamworks.com/viec-lam?g=5&q=Frontend&page=9
2026-03-29 01:07:14,828 [INFO]     20 scraped, 0 new (total collected: 29)
2026-03-29 01:07:14,828 [INFO]   [FRONTEND][Frontend] Page 10: https://www.vietnamworks.com/viec-lam?g=5&q=Frontend&page=10
2026-03-29 01:07:21,246 [INFO]   [11/29] [OK] Web/App Designer (strong UI, experienced UX)
2026-03-29 01:07:21,369 [INFO]   [12/29] [OK] Chuyên Viên Lập Trình
2026-03-29 01:07:21,710 [INFO]   [13/29] [OK] Front End Developer
2026-03-29 01:07:21,787 [INFO]   [14/29] [OK] Nhân Viên QC
2026-03-29 01:07:23,024 [INFO]     20 scraped, 0 new (total collected: 29)
2026-03-29 01:07:28,852 [INFO]   [15/29] [OK] IT Manager - Technical SEO / Web Developer
2026-03-29 01:07:30,045 [INFO]   Collected 29 URLs for 'Frontend'. Starting detail extraction...
2026-03-29 01:07:58,383 [INFO]   [1/29] [OK] Lập Trình Viên Frontend | BACKEND
2026-03-29 01:07:58,505 [INFO]   [16/29] [OK] Front End Developer - UX Driven (1-Year Contractor)
2026-03-29 01:07:58,611 [INFO]   [17/29] [OK] Frontend Team Lead (1-Year Contractor)
2026-03-29 01:07:58,752 [INFO]   [18/29] [OK] Front - End Developer (Vuejs)
2026-03-29 01:07:59,020 [INFO]   [2/29] [OK] Frontend Developer (ReactJS / Nextjs) | BACKEND
2026-03-29 01:07:59,020 [INFO]     [SKIP] Final Filter (Non-IT): Kỹ Sư Trắc Đạc (Lương 20 -26 Triệu/ Tháng)
2026-03-29 01:07:59,051 [INFO]   [20/29] [OK] Fullstack Engineer (Japanese Or/And Vietnamese Speaking)
2026-03-29 01:08:26,035 [INFO]     [SKIP] Final Filter (Non-IT): Tuyển Nữ - Nhân Viên Kế Toán Lương Upto 13 Triệu/tháng
2026-03-29 01:08:26,062 [INFO]     [SKIP] Final Filter (Non-IT): Industrial Sales Executive (Chinese Speaking) | Hai Phong & Hai Duong
2026-03-29 01:08:26,338 [INFO]   [3/29] [OK] (HN/HCM) Senior Frontend Engineer (JavaScript (ES6+)) | BACKEND
2026-03-29 01:08:26,790 [INFO]     [SKIP] Final Filter (Non-IT): Nhân Viên Thiết Kế Thời Trang
2026-03-29 01:08:26,790 [INFO]   [4/29] [OK] Frontend Developer | FRONTEND
2026-03-29 01:08:27,080 [INFO]   [5/29] [OK] Senior PHP Developer (Laravel) | BACKEND
2026-03-29 01:08:27,455 [INFO]   [6/29] [OK] Lập Trình Viên - Frontend Developer (ReactJS) / Tối Thiểu 02 Năm Kinh Nghiệm | BACKEND
2026-03-29 01:08:28,132 [INFO]     [SKIP] Final Filter (Non-IT): Kế Toán Tổng Hợp
2026-03-29 01:09:04,731 [INFO]     [SKIP] Final Filter (Non-IT): Chuyên Viên Kinh Doanh Nhựa Công Nghiệp – Lương Cứng Upto 17 Triệu + Thưởng Doanh Số, Hoa Hồng
2026-03-29 01:09:05,136 [INFO]   [7/29] [OK] Chuyên Viên Front End | DATA
2026-03-29 01:09:05,574 [INFO]     [SKIP] Final Filter (Non-IT): Tuyển Dụng Nhân Viên Kinh Doanh
2026-03-29 01:09:05,636 [INFO]   [8/29] [OK] Junior Frontend Engineer - Work From Home | BACKEND
2026-03-29 01:09:05,667 [INFO]   [9/29] [OK] Data Foundation Analyst & Auditor | DATA
2026-03-29 01:09:06,118 [INFO]     [SKIP] Final Filter (Non-IT): Sales Supervisor – Medical Equipment
2026-03-29 01:09:06,367 [INFO]   [10/29] [OK] Chuyên Viên Lập Trình | DATA
2026-03-29 01:09:22,147 [INFO]     [SKIP] Final Filter (Non-IT): Kế Toán Tổng Hợp (General Accountant)
2026-03-29 01:09:22,256 [INFO]   [11/29] [OK] Web/App Designer (strong UI, experienced UX) | OTHER_IT
2026-03-29 01:09:22,798 [INFO]   [12/29] [OK] Nhân Viên QC | OTHER_IT
2026-03-29 01:09:24,180 [INFO]   [13/29] [OK] IT Manager - Technical SEO / Web Developer | BACKEND
2026-03-29 01:09:24,442 [INFO]   [14/29] [OK] Front End Developer | BACKEND
2026-03-29 01:09:36,040 [INFO]   [15/29] [OK] Front - End Developer (Vuejs) | BACKEND
2026-03-29 01:09:36,900 [INFO]   [16/29] [OK] Fullstack Engineer (Japanese Or/And Vietnamese Speaking) | BACKEND
2026-03-29 01:09:38,368 [INFO]   [17/29] [OK] Frontend Team Lead (1-Year Contractor) | BACKEND
2026-03-29 01:09:38,647 [INFO]   [18/29] [OK] Front End Developer - UX Driven (1-Year Contractor) | BACKEND
2026-03-29 01:09:50,098 [INFO]     [SKIP] Non-IT: Kỹ Sư Trắc Đạc (Lương 20 -26 Triệu/ Tháng)
2026-03-29 01:09:50,863 [INFO]     [SKIP] Non-IT: Tuyển Nữ - Nhân Viên Kế Toán Lương Upto 13 Triệu/tháng
2026-03-29 01:09:51,717 [INFO]     [SKIP] Non-IT: Sales Supervisor – Medical Equipment
2026-03-29 01:09:53,431 [INFO]     [SKIP] Non-IT: Industrial Sales Executive (Chinese Speaking) | Hai Phong & Hai Duong
2026-03-29 01:10:03,465 [INFO]     [SKIP] Non-IT: Nhân Viên Thiết Kế Thời Trang
2026-03-29 01:10:04,223 [INFO]     [SKIP] Non-IT: Kế Toán Tổng Hợp
2026-03-29 01:10:04,961 [INFO]     [SKIP] Non-IT: Tuyển Dụng Nhân Viên Kinh Doanh
2026-03-29 01:10:06,670 [INFO]     [SKIP] Non-IT: Chuyên Viên Kinh Doanh Nhựa Công Nghiệp – Lương Cứng Upto 17 Triệu + Thưởng Doanh Số, Hoa Hồng
2026-03-29 01:10:16,097 [INFO]     [SKIP] Non-IT: Kế Toán Tổng Hợp (General Accountant)
2026-03-29 01:10:16,880 [INFO]     [SKIP] Non-IT: Nhân Viên Kinh Doanh (Không Yêu Cầu Kinh Nghiệm)
2026-03-29 01:10:31,642 [ERROR] Detail error https://www.vietnamworks.com/ecommerce-funnel-builder-shopify-and-ctrwow-html-css-junior-2011833-jv: HTTPConnectionPool(host='localhost', port=62932): Read timed out. (read timeout=120)
2026-03-29 01:10:31,987 [ERROR] Detail error https://www.vietnamworks.com/nhan-vien-kinh-doanh-khong-yeu-cau-kinh-nghiem--2026476-jv/: HTTPConnectionPool(host='localhost', port=65193): Read timed out. (read timeout=120)
2026-03-29 01:12:31,657 [WARNING] Retrying (Retry(total=2, connect=None, read=None, redirect=None, status=None)) after connection broken by 'ReadTimeoutError("HTTPConnectionPool(host='localhost', port=62932): Read timed out. (read timeout=120)")': /session/f5c3396fea6d9ee8c943ac875c08c970
2026-03-29 01:12:32,012 [WARNING] Retrying (Retry(total=2, connect=None, read=None, redirect=None, status=None)) after connection broken by 'ReadTimeoutError("HTTPConnectionPool(host='localhost', port=65193): Read timed out. (read timeout=120)")': /session/dc7794bbc3dbb8b5b62aabcf663e2fb8
2026-03-29 01:13:34,094 [ERROR] Worker failed: 'description'
2026-03-29 01:13:34,114 [INFO] [SAVE] +18 jobs for keyword 'Frontend' → data\vnworks_it_full.csv
2026-03-29 01:13:34,424 [ERROR] Worker failed: 'description'
2026-03-29 01:13:34,440 [INFO] [SAVE] Added 19 new IT jobs to data\vnworks_it_full.csv
2026-03-29 01:13:34,442 [INFO] --- Searching for keyword: React ---
2026-03-29 01:13:34,442 [INFO] >> Phase 1: Collecting jobs for 'React' (FRONTEND)
2026-03-29 01:13:35,446 [INFO]   [FRONTEND][React] Page 1: https://www.vietnamworks.com/viec-lam?g=5&q=React&page=1
2026-03-29 01:13:44,661 [INFO]     10 scraped, 3 new (total collected: 3)
2026-03-29 01:13:44,662 [INFO]   [FRONTEND][React] Page 2: https://www.vietnamworks.com/viec-lam?g=5&q=React&page=2
2026-03-29 01:13:44,698 [INFO]   Page 1: found 10 jobs. New items: 3
2026-03-29 01:13:51,126 [INFO]   Page 2: found 20 jobs. New items: 10
2026-03-29 01:13:51,328 [INFO]     20 scraped, 10 new (total collected: 13)
2026-03-29 01:13:51,328 [INFO]   [FRONTEND][React] Page 3: https://www.vietnamworks.com/viec-lam?g=5&q=React&page=3
2026-03-29 01:13:57,131 [INFO]   Page 3: found 20 jobs. New items: 0
2026-03-29 01:13:57,363 [INFO]     20 scraped, 0 new (total collected: 13)
2026-03-29 01:13:57,364 [INFO]   [FRONTEND][React] Page 4: https://www.vietnamworks.com/viec-lam?g=5&q=React&page=4
2026-03-29 01:14:03,314 [INFO]   Page 4: found 20 jobs. New items: 0
2026-03-29 01:14:03,398 [INFO]     20 scraped, 0 new (total collected: 13)
2026-03-29 01:14:03,399 [INFO]   [FRONTEND][React] Page 5: https://www.vietnamworks.com/viec-lam?g=5&q=React&page=5
2026-03-29 01:14:09,435 [INFO]     20 scraped, 0 new (total collected: 13)
2026-03-29 01:14:09,436 [INFO]   [FRONTEND][React] Page 6: https://www.vietnamworks.com/viec-lam?g=5&q=React&page=6
2026-03-29 01:14:09,440 [INFO]   Page 5: found 20 jobs. New items: 0
2026-03-29 01:14:15,502 [INFO]     20 scraped, 0 new (total collected: 13)
2026-03-29 01:14:15,504 [INFO]   [FRONTEND][React] Page 7: https://www.vietnamworks.com/viec-lam?g=5&q=React&page=7
2026-03-29 01:14:15,617 [INFO]   Page 6: found 20 jobs. New items: 0
2026-03-29 01:14:21,606 [INFO]     20 scraped, 0 new (total collected: 13)
2026-03-29 01:14:21,607 [INFO]   [FRONTEND][React] Page 8: https://www.vietnamworks.com/viec-lam?g=5&q=React&page=8
2026-03-29 01:14:21,618 [INFO]   Page 7: found 20 jobs. New items: 0
2026-03-29 01:14:27,625 [INFO]     20 scraped, 0 new (total collected: 13)
2026-03-29 01:14:27,626 [INFO]   [FRONTEND][React] Page 9: https://www.vietnamworks.com/viec-lam?g=5&q=React&page=9
2026-03-29 01:14:27,639 [INFO]   Page 8: found 20 jobs. New items: 0
2026-03-29 01:14:33,713 [INFO]     20 scraped, 0 new (total collected: 13)
2026-03-29 01:14:33,713 [INFO]   [FRONTEND][React] Page 10: https://www.vietnamworks.com/viec-lam?g=5&q=React&page=10
2026-03-29 01:14:33,753 [INFO]   Page 9: found 20 jobs. New items: 0
2026-03-29 01:14:39,807 [INFO]   Page 10: found 20 jobs. New items: 0
2026-03-29 01:14:39,818 [INFO]     20 scraped, 0 new (total collected: 13)
2026-03-29 01:14:42,111 [INFO]   Collected 13 URLs for 'React'. Starting detail extraction...
2026-03-29 01:15:05,933 [INFO]   [1/13] [OK] Fullstack Developer (PHP/Python, React/Vue) | BACKEND
2026-03-29 01:15:06,138 [INFO]   [1/13] [OK] Fullstack Developer (PHP/Python, React/Vue)
2026-03-29 01:15:06,200 [INFO]   [2/13] [OK] DevOps Engineer: Junior, Middle, and Senior | DATA
2026-03-29 01:15:06,403 [INFO]   [2/13] [OK] DevOps Engineer: Junior, Middle, and Senior
2026-03-29 01:15:06,543 [INFO]   [3/13] [OK] * HOT JOB * FULL STACK DEVELOPER (m/f/d) |Remote | Vietnam| Full-Time, Permanent | BACKEND
2026-03-29 01:15:06,605 [INFO]   [3/13] [OK] * HOT JOB * FULL STACK DEVELOPER (m/f/d) |Remote | Vietnam| Full-Time, Permanent
2026-03-29 01:15:06,668 [INFO]     [SKIP] Non-IT: Kỹ Sư Trắc Đạc (Lương 20 -26 Triệu/ Tháng)
2026-03-29 01:15:06,715 [INFO]     [SKIP] Final Filter (Non-IT): Tuyển Nữ - Nhân Viên Kế Toán Lương Upto 13 Triệu/tháng
2026-03-29 01:15:06,793 [INFO]     [SKIP] Non-IT: Tuyển Nữ - Nhân Viên Kế Toán Lương Upto 13 Triệu/tháng
2026-03-29 01:15:06,855 [INFO]     [SKIP] Final Filter (Non-IT): Kỹ Sư Trắc Đạc (Lương 20 -26 Triệu/ Tháng)
2026-03-29 01:15:27,725 [INFO]     [SKIP] Final Filter (Non-IT): Industrial Sales Executive (Chinese Speaking) | Hai Phong & Hai Duong
2026-03-29 01:15:27,757 [INFO]     [SKIP] Non-IT: Nhân Viên Thiết Kế Thời Trang
2026-03-29 01:15:27,997 [INFO]     [SKIP] Non-IT: Kế Toán Tổng Hợp
2026-03-29 01:15:28,013 [INFO]     [SKIP] Final Filter (Non-IT): Nhân Viên Thiết Kế Thời Trang
2026-03-29 01:15:28,059 [INFO]     [SKIP] Non-IT: Sales Supervisor – Medical Equipment
2026-03-29 01:15:28,045 [INFO]     [SKIP] Final Filter (Non-IT): Kế Toán Tổng Hợp
2026-03-29 01:15:28,105 [INFO]     [SKIP] Final Filter (Non-IT): Sales Supervisor – Medical Equipment
2026-03-29 01:15:28,245 [INFO]     [SKIP] Non-IT: Industrial Sales Executive (Chinese Speaking) | Hai Phong & Hai Duong
2026-03-29 01:15:30,636 [INFO]     [SKIP] Final Filter (Non-IT): Tuyển Dụng Nhân Viên Kinh Doanh
2026-03-29 01:15:39,814 [INFO]     [SKIP] Final Filter (Non-IT): Chuyên Viên Kinh Doanh Nhựa Công Nghiệp – Lương Cứng Upto 17 Triệu + Thưởng Doanh Số, Hoa Hồng
2026-03-29 01:15:41,378 [INFO]     [SKIP] Non-IT: Tuyển Dụng Nhân Viên Kinh Doanh
2026-03-29 01:15:43,038 [INFO]     [SKIP] Non-IT: Kế Toán Tổng Hợp (General Accountant)
2026-03-29 01:15:43,333 [INFO]     [SKIP] Non-IT: Chuyên Viên Kinh Doanh Nhựa Công Nghiệp – Lương Cứng Upto 17 Triệu + Thưởng Doanh Số, Hoa Hồng
2026-03-29 01:15:45,010 [INFO]     [SKIP] Final Filter (Non-IT): Kế Toán Tổng Hợp (General Accountant)
2026-03-29 01:15:46,013 [INFO]     [SKIP] Final Filter (Non-IT): Nhân Viên Kinh Doanh (Không Yêu Cầu Kinh Nghiệm)
2026-03-29 01:15:46,020 [INFO] [SAVE] Added 3 new IT jobs to data\vnworks_it_full.csv
2026-03-29 01:15:46,023 [INFO] --- Searching for keyword: Angular ---
2026-03-29 01:15:46,023 [INFO] >> Phase 1: Collecting jobs for 'Angular' (FRONTEND)
2026-03-29 01:15:46,146 [INFO]     [SKIP] Non-IT: Nhân Viên Kinh Doanh (Không Yêu Cầu Kinh Nghiệm)
2026-03-29 01:15:46,158 [INFO] [SAVE] +3 jobs for keyword 'React' → data\vnworks_it_full.csv
2026-03-29 01:15:47,515 [INFO]   [FRONTEND][Angular] Page 1: https://www.vietnamworks.com/viec-lam?g=5&q=Angular&page=1
2026-03-29 01:15:57,220 [INFO]     36 scraped, 12 new (total collected: 12)
2026-03-29 01:15:57,223 [INFO]   [FRONTEND][Angular] Page 2: https://www.vietnamworks.com/viec-lam?g=5&q=Angular&page=2
2026-03-29 01:15:57,337 [INFO]   Page 1: found 36 jobs. New items: 12
2026-03-29 01:16:03,871 [INFO]   Page 2: found 25 jobs. New items: 10
2026-03-29 01:16:03,928 [INFO]     25 scraped, 10 new (total collected: 22)
2026-03-29 01:16:03,928 [INFO]   [FRONTEND][Angular] Page 3: https://www.vietnamworks.com/viec-lam?g=5&q=Angular&page=3
2026-03-29 01:16:10,274 [INFO]   Page 3: found 25 jobs. New items: 0
2026-03-29 01:16:10,514 [INFO]     25 scraped, 0 new (total collected: 22)
2026-03-29 01:16:10,515 [INFO]   [FRONTEND][Angular] Page 4: https://www.vietnamworks.com/viec-lam?g=5&q=Angular&page=4
2026-03-29 01:16:16,993 [INFO]     25 scraped, 0 new (total collected: 22)
2026-03-29 01:16:16,994 [INFO]   [FRONTEND][Angular] Page 5: https://www.vietnamworks.com/viec-lam?g=5&q=Angular&page=5
2026-03-29 01:16:17,328 [INFO]   Page 4: found 25 jobs. New items: 0
2026-03-29 01:16:23,594 [INFO]   Page 5: found 25 jobs. New items: 0
2026-03-29 01:16:23,599 [INFO]     25 scraped, 0 new (total collected: 22)
2026-03-29 01:16:23,600 [INFO]   [FRONTEND][Angular] Page 6: https://www.vietnamworks.com/viec-lam?g=5&q=Angular&page=6
2026-03-29 01:16:29,990 [INFO]     25 scraped, 0 new (total collected: 22)
2026-03-29 01:16:29,991 [INFO]   [FRONTEND][Angular] Page 7: https://www.vietnamworks.com/viec-lam?g=5&q=Angular&page=7
2026-03-29 01:16:30,034 [INFO]   Page 6: found 25 jobs. New items: 0
2026-03-29 01:16:36,517 [INFO]   Page 7: found 25 jobs. New items: 0
2026-03-29 01:16:36,583 [INFO]     25 scraped, 0 new (total collected: 22)
2026-03-29 01:16:36,584 [INFO]   [FRONTEND][Angular] Page 8: https://www.vietnamworks.com/viec-lam?g=5&q=Angular&page=8
2026-03-29 01:16:42,768 [INFO]   Page 8: found 25 jobs. New items: 0
2026-03-29 01:16:43,225 [INFO]     25 scraped, 0 new (total collected: 22)
2026-03-29 01:16:43,226 [INFO]   [FRONTEND][Angular] Page 9: https://www.vietnamworks.com/viec-lam?g=5&q=Angular&page=9
2026-03-29 01:16:48,969 [INFO]   Page 9: found 25 jobs. New items: 0
2026-03-29 01:16:49,804 [INFO]     25 scraped, 0 new (total collected: 22)
2026-03-29 01:16:49,805 [INFO]   [FRONTEND][Angular] Page 10: https://www.vietnamworks.com/viec-lam?g=5&q=Angular&page=10
2026-03-29 01:16:55,357 [INFO]   Page 10: found 25 jobs. New items: 0
2026-03-29 01:16:56,790 [INFO]     25 scraped, 0 new (total collected: 22)
2026-03-29 01:16:59,070 [INFO]   Collected 22 URLs for 'Angular'. Starting detail extraction...
2026-03-29 01:18:07,065 [INFO]   [1/22] [OK] [Junior Up - Level] Full-Stack Software Engineer (Web) | BACKEND
2026-03-29 01:18:08,669 [INFO]   [2/22] [OK] Senior Developer | DATA
2026-03-29 01:18:08,841 [INFO]   [1/22] [OK] Senior Web Engineer - WebGL
2026-03-29 01:18:09,025 [INFO]   [2/22] [OK] [Junior Up - Level] Full-Stack Software Engineer (Web)
2026-03-29 01:18:09,103 [INFO]   [3/22] [OK] Senior Web Engineer - WebGL | BACKEND
2026-03-29 01:18:09,523 [INFO]   [4/22] [OK] Full Stack Software Engineer (Tauri + Angular + C#) (Ha Noi & Hai Phong) | BACKEND
2026-03-29 01:18:09,571 [INFO]   [4/22] [OK] Senior Automation Tester
2026-03-29 01:18:09,632 [INFO]   [5/22] [OK] Full Stack Software Engineer (Tauri + Angular + C#) (Ha Noi & Hai Phong)
2026-03-29 01:18:09,816 [INFO]   [5/22] [OK] Senior Automation Tester | BACKEND
2026-03-29 01:18:40,027 [INFO]   [6/22] [OK] Trưởng Nhóm Phát Triển Phần Mềm Hệ Thống Hải Quan & FTA (Customs & FTA IT System Tech Lead)
2026-03-29 01:18:40,786 [INFO]   [7/22] [OK] R&D Test Automation Framework Supervisor
2026-03-29 01:18:41,127 [INFO]   [6/22] [OK] R&D Test Automation Framework Supervisor | DATA
2026-03-29 01:18:41,544 [INFO]   [8/22] [OK] Software Engineer (D365 Technical Consultant)
2026-03-29 01:18:41,589 [INFO]   [7/22] [OK] Enterprise Digitalization Specialist | BACKEND
2026-03-29 01:19:00,845 [INFO]   [9/22] [OK] Senior Web Engineer (Webgl/3D)
2026-03-29 01:19:01,777 [INFO]   [8/22] [OK] Senior Outsystems Developer (1-Year Contractor) | BACKEND
2026-03-29 01:19:01,933 [INFO]   [9/22] [OK] Senior Web Engineer (Webgl/3D) | DATA
2026-03-29 01:19:20,594 [INFO]     [SKIP] Non-IT: Kỹ Sư Trắc Đạc (Lương 20 -26 Triệu/ Tháng)
2026-03-29 01:19:20,609 [INFO]   [10/22] [OK] Senior Outsystems Developer (1-Year Contractor)
2026-03-29 01:19:20,673 [INFO]     [SKIP] Final Filter (Non-IT): Tuyển Nữ - Nhân Viên Kế Toán Lương Upto 13 Triệu/tháng
2026-03-29 01:19:20,702 [INFO]     [SKIP] Final Filter (Non-IT): Kỹ Sư Trắc Đạc (Lương 20 -26 Triệu/ Tháng)
2026-03-29 01:19:41,823 [INFO]     [SKIP] Non-IT: Tuyển Nữ - Nhân Viên Kế Toán Lương Upto 13 Triệu/tháng
2026-03-29 01:19:42,134 [INFO]     [SKIP] Final Filter (Non-IT): Industrial Sales Executive (Chinese Speaking) | Hai Phong & Hai Duong
2026-03-29 01:19:42,182 [INFO]     [SKIP] Non-IT: Sales Supervisor – Medical Equipment
2026-03-29 01:19:42,681 [INFO]     [SKIP] Final Filter (Non-IT): Nhân Viên Thiết Kế Thời Trang
2026-03-29 01:19:43,079 [INFO]     [SKIP] Final Filter (Non-IT): Sales Supervisor – Medical Equipment
2026-03-29 01:20:04,420 [INFO]     [SKIP] Final Filter (Non-IT): Chuyên Viên Kinh Doanh Nhựa Công Nghiệp – Lương Cứng Upto 17 Triệu + Thưởng Doanh Số, Hoa Hồng
2026-03-29 01:20:04,543 [INFO]     [SKIP] Non-IT: Industrial Sales Executive (Chinese Speaking) | Hai Phong & Hai Duong
2026-03-29 01:20:04,958 [INFO]     [SKIP] Final Filter (Non-IT): Kế Toán Tổng Hợp
2026-03-29 01:20:05,066 [INFO]     [SKIP] Non-IT: Nhân Viên Thiết Kế Thời Trang
2026-03-29 01:20:10,611 [ERROR] Detail error https://www.vietnamworks.com/truong-nhom-phat-trien-phan-mem-he-thong-hai-quan-fta-customs-fta-it-system-tech-lead-2020982-jv: HTTPConnectionPool(host='localhost', port=53795): Read timed out. (read timeout=120)
2026-03-29 01:20:13,061 [ERROR] Detail error https://www.vietnamworks.com/enterprise-digitalization-specialist-2024912-jv: HTTPConnectionPool(host='localhost', port=64869): Read timed out. (read timeout=120)
2026-03-29 01:20:13,572 [ERROR] Detail error https://www.vietnamworks.com/software-engineer--2022730-jv: HTTPConnectionPool(host='localhost', port=50961): Read timed out. (read timeout=120)
2026-03-29 01:20:13,667 [ERROR] Detail error https://www.vietnamworks.com/software-engineer--2022730-jv: HTTPConnectionPool(host='localhost', port=50966): Read timed out. (read timeout=120)
2026-03-29 01:20:13,853 [ERROR] Detail error https://www.vietnamworks.com/software-engineer-d365-technical-consultant-2024760-jv: HTTPConnectionPool(host='localhost', port=50959): Read timed out. (read timeout=120)
2026-03-29 01:20:18,133 [INFO]     [SKIP] Final Filter (Non-IT): Tuyển Dụng Nhân Viên Kinh Doanh
2026-03-29 01:20:23,905 [INFO]     [SKIP] Final Filter (Non-IT): Kế Toán Tổng Hợp (General Accountant)
2026-03-29 01:20:23,967 [INFO]     [SKIP] Non-IT: Tuyển Dụng Nhân Viên Kinh Doanh
2026-03-29 01:20:24,560 [INFO]     [SKIP] Non-IT: Kế Toán Tổng Hợp
2026-03-29 01:20:25,380 [INFO]     [SKIP] Final Filter (Non-IT): Nhân Viên Kinh Doanh (Không Yêu Cầu Kinh Nghiệm)
2026-03-29 01:20:36,610 [INFO]     [SKIP] Non-IT: Chuyên Viên Kinh Doanh Nhựa Công Nghiệp – Lương Cứng Upto 17 Triệu + Thưởng Doanh Số, Hoa Hồng
2026-03-29 01:20:37,607 [INFO]     [SKIP] Non-IT: Kế Toán Tổng Hợp (General Accountant)
2026-03-29 01:20:49,289 [INFO]     [SKIP] Non-IT: Nhân Viên Kinh Doanh (Không Yêu Cầu Kinh Nghiệm)
2026-03-29 01:22:10,869 [WARNING] Retrying (Retry(total=2, connect=None, read=None, redirect=None, status=None)) after connection broken by 'ReadTimeoutError("HTTPConnectionPool(host='localhost', port=53795): Read timed out. (read timeout=120)")': /session/aeff893f476fd38b2a00e523543e3fc8
2026-03-29 01:22:13,220 [WARNING] Retrying (Retry(total=2, connect=None, read=None, redirect=None, status=None)) after connection broken by 'ReadTimeoutError("HTTPConnectionPool(host='localhost', port=64869): Read timed out. (read timeout=120)")': /session/f6c4d1a5587b5d8d56c6139a8d5004a1
2026-03-29 01:22:13,653 [WARNING] Retrying (Retry(total=2, connect=None, read=None, redirect=None, status=None)) after connection broken by 'ReadTimeoutError("HTTPConnectionPool(host='localhost', port=50961): Read timed out. (read timeout=120)")': /session/67e27780ca21624284e7084d811d02cd
2026-03-29 01:22:13,745 [WARNING] Retrying (Retry(total=2, connect=None, read=None, redirect=None, status=None)) after connection broken by 'ReadTimeoutError("HTTPConnectionPool(host='localhost', port=50966): Read timed out. (read timeout=120)")': /session/210f29db9f91ac6b4b09fe62a7cd8f66
2026-03-29 01:22:13,960 [WARNING] Retrying (Retry(total=2, connect=None, read=None, redirect=None, status=None)) after connection broken by 'ReadTimeoutError("HTTPConnectionPool(host='localhost', port=50959): Read timed out. (read timeout=120)")': /session/01d781c181c9b3144b89a13391d3ea68
2026-03-29 01:23:13,071 [ERROR] Worker failed: 'description'
2026-03-29 01:23:15,439 [ERROR] Worker failed: 'description'
2026-03-29 01:23:15,950 [ERROR] Worker failed: 'description'
2026-03-29 01:23:15,968 [INFO] [SAVE] Added 10 new IT jobs to data\vnworks_it_full.csv
2026-03-29 01:23:15,970 [INFO] [CAT DONE] FRONTEND: total 32 new jobs added.
2026-03-29 01:23:15,971 [INFO] 
[START] Category: FULLSTACK (Searching for keywords)
2026-03-29 01:23:15,971 [INFO] --- Searching for keyword: Fullstack ---
2026-03-29 01:23:15,972 [INFO] >> Phase 1: Collecting jobs for 'Fullstack' (FULLSTACK)
2026-03-29 01:23:16,013 [ERROR] Worker failed: 'description'
2026-03-29 01:23:16,204 [ERROR] Worker failed: 'description'
2026-03-29 01:23:16,215 [INFO] [SAVE] +9 jobs for keyword 'Angular' → data\vnworks_it_full.csv
2026-03-29 01:23:16,215 [INFO] 
[CAT] FULLSTACK: searching ['Fullstack']
2026-03-29 01:23:17,520 [INFO]   [FULLSTACK][Fullstack] Page 1: https://www.vietnamworks.com/viec-lam?g=5&q=Fullstack&page=1
2026-03-29 01:23:26,391 [INFO]   Page 1: found 26 jobs. New items: 6
2026-03-29 01:23:26,871 [INFO]     26 scraped, 6 new (total collected: 6)
2026-03-29 01:23:26,872 [INFO]   [FULLSTACK][Fullstack] Page 2: https://www.vietnamworks.com/viec-lam?g=5&q=Fullstack&page=2
2026-03-29 01:23:33,159 [INFO]   Page 2: found 20 jobs. New items: 10
2026-03-29 01:23:33,491 [INFO]     20 scraped, 10 new (total collected: 16)
2026-03-29 01:23:33,493 [INFO]   [FULLSTACK][Fullstack] Page 3: https://www.vietnamworks.com/viec-lam?g=5&q=Fullstack&page=3
2026-03-29 01:23:39,227 [INFO]   Page 3: found 20 jobs. New items: 0
2026-03-29 01:23:39,709 [INFO]     20 scraped, 0 new (total collected: 16)
2026-03-29 01:23:39,711 [INFO]   [FULLSTACK][Fullstack] Page 4: https://www.vietnamworks.com/viec-lam?g=5&q=Fullstack&page=4
2026-03-29 01:23:45,548 [INFO]   Page 4: found 20 jobs. New items: 0
2026-03-29 01:23:46,231 [INFO]     20 scraped, 0 new (total collected: 16)
2026-03-29 01:23:46,232 [INFO]   [FULLSTACK][Fullstack] Page 5: https://www.vietnamworks.com/viec-lam?g=5&q=Fullstack&page=5
2026-03-29 01:23:51,798 [INFO]   Page 5: found 20 jobs. New items: 0
2026-03-29 01:23:52,554 [INFO]     20 scraped, 0 new (total collected: 16)
2026-03-29 01:23:52,554 [INFO]   [FULLSTACK][Fullstack] Page 6: https://www.vietnamworks.com/viec-lam?g=5&q=Fullstack&page=6
2026-03-29 01:23:58,075 [INFO]   Page 6: found 20 jobs. New items: 0
2026-03-29 01:23:58,663 [INFO]     20 scraped, 0 new (total collected: 16)
2026-03-29 01:23:58,663 [INFO]   [FULLSTACK][Fullstack] Page 7: https://www.vietnamworks.com/viec-lam?g=5&q=Fullstack&page=7
2026-03-29 01:24:04,486 [INFO]   Page 7: found 20 jobs. New items: 0
2026-03-29 01:24:05,016 [INFO]     20 scraped, 0 new (total collected: 16)
2026-03-29 01:24:05,017 [INFO]   [FULLSTACK][Fullstack] Page 8: https://www.vietnamworks.com/viec-lam?g=5&q=Fullstack&page=8
2026-03-29 01:24:10,841 [INFO]   Page 8: found 20 jobs. New items: 0
2026-03-29 01:24:11,352 [INFO]     20 scraped, 0 new (total collected: 16)
2026-03-29 01:24:11,353 [INFO]   [FULLSTACK][Fullstack] Page 9: https://www.vietnamworks.com/viec-lam?g=5&q=Fullstack&page=9
2026-03-29 01:24:17,016 [INFO]   Page 9: found 20 jobs. New items: 0
2026-03-29 01:24:17,335 [INFO]     20 scraped, 0 new (total collected: 16)
2026-03-29 01:24:17,336 [INFO]   [FULLSTACK][Fullstack] Page 10: https://www.vietnamworks.com/viec-lam?g=5&q=Fullstack&page=10
2026-03-29 01:24:23,337 [INFO]   Page 10: found 20 jobs. New items: 0
2026-03-29 01:24:23,347 [INFO]     20 scraped, 0 new (total collected: 16)
2026-03-29 01:24:25,671 [INFO]   Collected 16 URLs for 'Fullstack'. Starting detail extraction...
2026-03-29 01:24:51,844 [INFO]   [1/16] [OK] Senior Full-Stack IoT Engineer | BACKEND
2026-03-29 01:24:51,875 [INFO]   [1/16] [OK] Lập Trình Viên - Senior Developer - Full Stack
2026-03-29 01:24:51,876 [INFO]   [2/16] [OK] Senior Full-Stack Web and AI Developer
2026-03-29 01:24:51,906 [INFO]   [2/16] [OK] Senior Full-Stack Web and AI Developer | BACKEND
2026-03-29 01:24:51,968 [INFO]   [3/16] [OK] Senior Fullstack Developer - Khối Công Nghệ Thông Tin (HOLT.04)
2026-03-29 01:24:52,149 [INFO]   [3/16] [OK] Lập Trình Viên - Senior Developer - Full Stack | DATA
2026-03-29 01:24:52,196 [INFO]   [4/16] [OK] Fullstack Developer | BACKEND
2026-03-29 01:24:52,211 [INFO]   [5/16] [OK] Senior Fullstack Developer - Khối Công Nghệ Thông Tin (HOLT.04) | BACKEND
2026-03-29 01:24:52,211 [INFO]   [4/16] [OK] Senior Full-Stack IoT Engineer
2026-03-29 01:24:54,394 [INFO]   [5/16] [OK] Fullstack Developer
2026-03-29 01:25:17,773 [INFO]     [SKIP] Final Filter (Non-IT): Kỹ Sư Trắc Đạc (Lương 20 -26 Triệu/ Tháng)
2026-03-29 01:25:17,788 [INFO]     [SKIP] Final Filter (Non-IT): Tuyển Nữ - Nhân Viên Kế Toán Lương Upto 13 Triệu/tháng
2026-03-29 01:25:17,975 [INFO]     [SKIP] Non-IT: Tuyển Nữ - Nhân Viên Kế Toán Lương Upto 13 Triệu/tháng
2026-03-29 01:25:18,006 [INFO]     [SKIP] Non-IT: Industrial Sales Executive (Chinese Speaking) | Hai Phong & Hai Duong
2026-03-29 01:25:18,148 [INFO]     [SKIP] Non-IT: Sales Supervisor – Medical Equipment
2026-03-29 01:25:18,163 [INFO]     [SKIP] Non-IT: Kỹ Sư Trắc Đạc (Lương 20 -26 Triệu/ Tháng)
2026-03-29 01:25:18,211 [INFO]   [8/16] [OK] Lập trình viên fullstack
2026-03-29 01:25:18,225 [INFO]     [SKIP] Final Filter (Non-IT): Sales Supervisor – Medical Equipment
2026-03-29 01:25:18,395 [INFO]   [10/16] [OK] Lập trình viên fullstack | BACKEND
2026-03-29 01:25:43,563 [INFO]     [SKIP] Non-IT: Tuyển Dụng Nhân Viên Kinh Doanh
2026-03-29 01:25:43,784 [INFO]     [SKIP] Final Filter (Non-IT): Nhân Viên Thiết Kế Thời Trang
2026-03-29 01:25:43,894 [INFO]     [SKIP] Final Filter (Non-IT): Kế Toán Tổng Hợp
2026-03-29 01:25:44,154 [INFO]     [SKIP] Non-IT: Chuyên Viên Kinh Doanh Nhựa Công Nghiệp – Lương Cứng Upto 17 Triệu + Thưởng Doanh Số, Hoa Hồng
2026-03-29 01:25:44,299 [INFO]     [SKIP] Non-IT: Nhân Viên Thiết Kế Thời Trang
2026-03-29 01:25:44,300 [INFO]     [SKIP] Non-IT: Kế Toán Tổng Hợp
2026-03-29 01:25:44,518 [INFO]     [SKIP] Final Filter (Non-IT): Industrial Sales Executive (Chinese Speaking) | Hai Phong & Hai Duong
2026-03-29 01:25:49,689 [INFO]     [SKIP] Final Filter (Non-IT): Chuyên Viên Kinh Doanh Nhựa Công Nghiệp – Lương Cứng Upto 17 Triệu + Thưởng Doanh Số, Hoa Hồng
2026-03-29 01:25:50,183 [INFO]     [SKIP] Final Filter (Non-IT): Tuyển Dụng Nhân Viên Kinh Doanh
2026-03-29 01:25:50,260 [INFO]     [SKIP] Non-IT: Kế Toán Tổng Hợp (General Accountant)
2026-03-29 01:25:56,607 [INFO]     [SKIP] Non-IT: Nhân Viên Kinh Doanh (Không Yêu Cầu Kinh Nghiệm)
2026-03-29 01:25:56,618 [INFO] [SAVE] +6 jobs for keyword 'Fullstack' → data\vnworks_it_full.csv
2026-03-29 01:25:56,618 [INFO] 
[CAT] DATA: searching ['Data Scientist', 'Data Engineer', 'Machine Learning']
2026-03-29 01:25:57,970 [INFO]   [DATA][Data Scientist] Page 1: https://www.vietnamworks.com/viec-lam?g=5&q=Data Scientist&page=1
2026-03-29 01:25:58,037 [INFO]     [SKIP] Final Filter (Non-IT): Kế Toán Tổng Hợp (General Accountant)
2026-03-29 01:25:58,288 [INFO]     [SKIP] Final Filter (Non-IT): Nhân Viên Kinh Doanh (Không Yêu Cầu Kinh Nghiệm)
2026-03-29 01:25:58,298 [INFO] [SAVE] Added 6 new IT jobs to data\vnworks_it_full.csv
2026-03-29 01:25:58,300 [INFO] [CAT DONE] FULLSTACK: total 6 new jobs added.
2026-03-29 01:25:58,300 [INFO] 
[START] Category: DATA (Searching for keywords)
2026-03-29 01:25:58,301 [INFO] --- Searching for keyword: DATA ---
2026-03-29 01:25:58,301 [INFO] >> Phase 1: Collecting jobs for 'DATA' (DATA)
2026-03-29 01:26:07,194 [INFO]     50 scraped, 46 new (total collected: 46)
2026-03-29 01:26:07,195 [INFO]   [DATA][Data Scientist] Page 2: https://www.vietnamworks.com/viec-lam?g=5&q=Data Scientist&page=2
2026-03-29 01:26:09,579 [INFO]   Page 1: found 52 jobs. New items: 50
2026-03-29 01:26:14,403 [INFO]     32 scraped, 24 new (total collected: 70)
2026-03-29 01:26:14,404 [INFO]   [DATA][Data Scientist] Page 3: https://www.vietnamworks.com/viec-lam?g=5&q=Data Scientist&page=3
2026-03-29 01:26:26,012 [INFO]     25 scraped, 10 new (total collected: 80)
2026-03-29 01:26:26,013 [INFO]   [DATA][Data Scientist] Page 4: https://www.vietnamworks.com/viec-lam?g=5&q=Data Scientist&page=4
2026-03-29 01:26:29,616 [INFO]   [1/50] [OK] Data Engineer
2026-03-29 01:26:33,145 [INFO]   [2/50] [OK] Data Scientist
2026-03-29 01:26:33,161 [INFO]   [3/50] [OK] Senior Enterprise IT Architect (Enterprise & Infrastructure)
2026-03-29 01:26:33,390 [INFO]   [4/50] [OK] Business Analyst (Middle/Senior Level) khối AI Thiết Bị/Dữ liệu/Smartcity/Nền tảng
2026-03-29 01:26:33,468 [INFO]     [SKIP] Final Filter (Non-IT): Senior Marketing Analytics Specialist
2026-03-29 01:26:35,384 [INFO]     25 scraped, 0 new (total collected: 80)
2026-03-29 01:26:35,425 [INFO]   [DATA][Data Scientist] Page 5: https://www.vietnamworks.com/viec-lam?g=5&q=Data Scientist&page=5
2026-03-29 01:26:47,517 [INFO]     25 scraped, 0 new (total collected: 80)
2026-03-29 01:26:47,524 [INFO]   [DATA][Data Scientist] Page 6: https://www.vietnamworks.com/viec-lam?g=5&q=Data Scientist&page=6
2026-03-29 01:26:52,192 [INFO]   [6/50] [OK] Senior Data Scientist
2026-03-29 01:26:53,784 [INFO]   [7/50] [OK] Manager, Data Control & Data Science
2026-03-29 01:26:54,329 [INFO]   [8/50] [OK] Junior Data Analyst
2026-03-29 01:26:55,042 [INFO]   [9/50] [OK] [Data & AI Real Estate Sector] Chuyên Gia Khoa Học Dữ Liệu
2026-03-29 01:26:55,288 [INFO]   [10/50] [OK] [Data & AI – Real Estate & Retail Sector ] Chuyên Gia Quản Trị Dữ Liệu
2026-03-29 01:26:56,017 [INFO]     25 scraped, 0 new (total collected: 80)
2026-03-29 01:26:56,017 [INFO]   [DATA][Data Scientist] Page 7: https://www.vietnamworks.com/viec-lam?g=5&q=Data Scientist&page=7
2026-03-29 01:27:09,113 [INFO]     25 scraped, 0 new (total collected: 80)
2026-03-29 01:27:09,115 [INFO]   [DATA][Data Scientist] Page 8: https://www.vietnamworks.com/viec-lam?g=5&q=Data Scientist&page=8
2026-03-29 01:27:16,614 [INFO]   [11/50] [OK] PMO (Manager/ Expert Level) Khối Ai&data/e-Commerce
2026-03-29 01:27:17,065 [INFO]   [12/50] [OK] [Data & AI – Real Estate and Retail Sector] Chuyên Gia Kiến Trúc Dữ Liệu
2026-03-29 01:27:17,184 [INFO]   [13/50] [OK] [Data & AI in Real Estate and Retail Sector] - Chuyên Gia AI Ứng Dụng
2026-03-29 01:27:17,313 [INFO]   [14/50] [OK] [Real Estate & Retail Sector] Giám Đốc Sản Phẩm Dữ Liệu và AI Đặc Thù
2026-03-29 01:27:17,979 [INFO]   [15/50] [OK] UX Designer
2026-03-29 01:27:19,002 [INFO]     25 scraped, 0 new (total collected: 80)
2026-03-29 01:27:19,005 [INFO]   [DATA][Data Scientist] Page 9: https://www.vietnamworks.com/viec-lam?g=5&q=Data Scientist&page=9
2026-03-29 01:27:32,614 [INFO]     25 scraped, 0 new (total collected: 80)
2026-03-29 01:27:32,615 [INFO]   [DATA][Data Scientist] Page 10: https://www.vietnamworks.com/viec-lam?g=5&q=Data Scientist&page=10
2026-03-29 01:27:38,714 [INFO]   [16/50] [OK] Senior Officer, User Experience Research
2026-03-29 01:27:40,048 [INFO]   [17/50] [OK] Chuyên Gia Dữ Liệu (AI Ứng Dụng Mảng Bất Động Sản)
2026-03-29 01:27:40,187 [INFO]   [18/50] [OK] Head of Data Privacy & Compliance
2026-03-29 01:27:40,556 [INFO]   [19/50] [OK] Expert, Operational Service Efficiency Monitoring
2026-03-29 01:27:40,924 [INFO]     25 scraped, 0 new (total collected: 80)
2026-03-29 01:27:42,027 [INFO]   [20/50] [OK] Giám Đốc Phát Triển Sản Phẩm (Khối Ksdl/ BDS/ Fintech/ Giáo Dục)
2026-03-29 01:27:44,743 [INFO]   Collected 80 URLs for 'Data Scientist'. Starting detail extraction...
2026-03-29 01:28:13,909 [INFO]   [21/50] [OK] Nền Tảng & Mô Hình _ Giám Đốc Mô Hình Lõi Khác
2026-03-29 01:28:13,942 [INFO]   [22/50] [OK] Nền Tảng và Mô Hình - Giám Đốc LLM
2026-03-29 01:28:14,018 [INFO]   [23/50] [OK] Nền Tảng & Mô Hình - AI Research Engineer (Chuyên Gia Nguyên Cứu AI)
2026-03-29 01:28:14,421 [INFO]   [24/50] [OK] Business Analyst
2026-03-29 01:28:14,773 [INFO]   [25/50] [OK] Nền Tảng & Mô Hình - Chuyên Gia Ngiên Cứu AI Cao Cấp
2026-03-29 01:28:15,430 [INFO]   [1/80] [OK] Manager, Data Control & Data Science | BACKEND
2026-03-29 01:28:45,564 [INFO]   [26/50] [OK] Chuyên Viên Cao Cấp Cải Tiến và Số Hóa Quy Trình
2026-03-29 01:28:45,768 [INFO]   [27/50] [OK] Chuyên viên cao cấp, Chuyên Gia Phân tích dữ liệu Tuân thủ - Khối Pháp chế và Tuân thủ (HO26.88)
2026-03-29 01:28:45,940 [INFO]   [28/50] [OK] Nhân Viên Cao Cấp Xử Lý Dữ Liệu & Quản Lý Vận Hành Tiếng Nhật
2026-03-29 01:28:46,110 [INFO]   [29/50] [OK] Senior Workforce Planning Analyst
2026-03-29 01:28:47,788 [INFO]   [2/80] [OK] Junior Data Analyst | DATA
2026-03-29 01:29:15,644 [INFO]   [30/50] [OK] AI Engineer (RAG / LLM) - Building Vietnam Legal AI Platform
2026-03-29 01:29:15,817 [INFO]   [31/50] [OK] Chuyên Viên, Chuyên Viên Cao Cấp Quản Trị Rủi Ro Công Nghệ - Senior IT Risks Management Specialist - Khối Quản Trị Rủi Ro (HO26.70)
2026-03-29 01:29:16,115 [INFO]   [32/50] [OK] Digital Strategy Staff (System Management & Enhancement)
2026-03-29 01:29:16,331 [INFO]   [33/50] [OK] AI Engineer (Middle/senior/leader) - Khối AI Thiết Bị
2026-03-29 01:29:16,611 [INFO]   [34/50] [OK] Senior AI Engineer (RAG / LLM) – Building Vietnam Legal AI Platform
2026-03-29 01:29:21,355 [INFO]   [3/80] [OK] [Real Estate & Retail Sector] Giám Đốc Sản Phẩm Dữ Liệu và AI Đặc Thù | BACKEND
2026-03-29 01:29:43,643 [INFO]   [35/50] [OK] Senior AI Architect - Building Vietnam Legal AI Platform
2026-03-29 01:29:44,098 [INFO]   [36/50] [OK] Business Analyst
2026-03-29 01:29:44,113 [INFO]   [37/50] [OK] Data Platform Lead, Legal Data Engineer, Data Engineer - Building Vietnam Legal AI Platform
2026-03-29 01:29:44,252 [INFO]   [38/50] [OK] Chuyên gia Dữ liệu kinh doanh - Khối Công nghệ Ngân hàng số
2026-03-29 01:29:47,624 [ERROR] Detail error https://www.vietnamworks.com/data-scientist--2024539-jv: HTTPConnectionPool(host='localhost', port=53780): Read timed out. (read timeout=120)
2026-03-29 01:29:47,624 [ERROR] Detail error https://www.vietnamworks.com/senior-enterprise-it-architect-enterprise-and-infrastructure-2026043-jv: HTTPConnectionPool(host='localhost', port=55543): Read timed out. (read timeout=120)
2026-03-29 01:29:47,624 [ERROR] Detail error https://www.vietnamworks.com/senior-data-scientist-2027481-jv: HTTPConnectionPool(host='localhost', port=53781): Read timed out. (read timeout=120)
2026-03-29 01:29:49,061 [ERROR] Detail error https://www.vietnamworks.com/data-engineer--2025977-jv: HTTPConnectionPool(host='localhost', port=53779): Read timed out. (read timeout=120)
2026-03-29 01:29:49,386 [INFO]   [4/80] [OK] [Data & AI Real Estate Sector] Chuyên Gia Khoa Học Dữ Liệu | DATA
2026-03-29 01:30:09,840 [INFO]   [39/50] [OK] Chuyên Viên Tích Hợp Hệ Thống (fluent English, ca đêm)
2026-03-29 01:30:09,966 [INFO]   [40/50] [OK] Lập Trình Viên Phát Triển Phần Mềm
2026-03-29 01:30:10,478 [INFO]   [41/50] [OK] Scrum Master/ Scrum Coach
2026-03-29 01:30:10,854 [INFO]     [SKIP] Final Filter (Non-IT): HR Data Analyst (Female)
2026-03-29 01:30:12,638 [INFO]   [5/80] [OK] Nền Tảng & Mô Hình - AI Research Engineer (Chuyên Gia Nguyên Cứu AI) | DATA
2026-03-29 01:30:32,698 [INFO]   [43/50] [OK] Nhân Viên Tối Ưu Hóa Vật Liệu
2026-03-29 01:30:32,887 [INFO]   [44/50] [OK] Nhân Viên Phân Tích - BA
2026-03-29 01:30:33,882 [INFO]   [6/80] [OK] Chuyên Gia Dữ Liệu (AI Ứng Dụng Mảng Bất Động Sản) | BACKEND
2026-03-29 01:30:34,646 [INFO]   [45/50] [OK] BI Supervisor/Team Lead, International
2026-03-29 01:30:35,330 [INFO]   [46/50] [OK] ERP Application Support (Epicor Preferred)
2026-03-29 01:30:59,070 [INFO]   [47/50] [OK] Chuyên Viên An Ninh Bảo Mật (Security Engineer) - Mã Số: Anbm-03
2026-03-29 01:30:59,654 [INFO]   [48/50] [OK] Chuyên Viên Bảo Mật Dữ Liệu (Data Security Engineer) - Mã Số: Anbm-02
2026-03-29 01:31:00,099 [INFO]   [7/80] [OK] AI Engineer (Middle/senior/leader) - Khối AI Thiết Bị | DATA
2026-03-29 01:31:00,287 [INFO]   [49/50] [OK] Chuyên Viên Quản Trị Cơ Sở Dữ Liệu và Ứng Dụng CNTT (Database Administrator - DBA) - Mã Số: Vhqt-01
2026-03-29 01:31:13,106 [INFO]   [8/80] [OK] AI Engineer (RAG / LLM) - Building Vietnam Legal AI Platform | BACKEND
2026-03-29 01:31:19,240 [ERROR] Detail error https://www.vietnamworks.com/ai-data-analytics-2019903-jv: HTTPConnectionPool(host='localhost', port=50234): Read timed out. (read timeout=120)
2026-03-29 01:31:26,059 [INFO]   [9/80] [OK] Senior AI Engineer (RAG / LLM) – Building Vietnam Legal AI Platform | BACKEND
2026-03-29 01:31:38,718 [INFO]   [10/80] [OK] Senior AI Architect - Building Vietnam Legal AI Platform | DATA
2026-03-29 01:31:47,662 [WARNING] Retrying (Retry(total=2, connect=None, read=None, redirect=None, status=None)) after connection broken by 'ReadTimeoutError("HTTPConnectionPool(host='localhost', port=53780): Read timed out. (read timeout=120)")': /session/833959396046e801d84b92013f1ea728
2026-03-29 01:31:47,662 [WARNING] Retrying (Retry(total=2, connect=None, read=None, redirect=None, status=None)) after connection broken by 'ReadTimeoutError("HTTPConnectionPool(host='localhost', port=55543): Read timed out. (read timeout=120)")': /session/1eef7322e6799747c267ac80ff93cdac
2026-03-29 01:31:47,662 [WARNING] Retrying (Retry(total=2, connect=None, read=None, redirect=None, status=None)) after connection broken by 'ReadTimeoutError("HTTPConnectionPool(host='localhost', port=53781): Read timed out. (read timeout=120)")': /session/ed3a433b6eb2c9a1a5d50590d2d95cbe
2026-03-29 01:31:49,133 [WARNING] Retrying (Retry(total=2, connect=None, read=None, redirect=None, status=None)) after connection broken by 'ReadTimeoutError("HTTPConnectionPool(host='localhost', port=53779): Read timed out. (read timeout=120)")': /session/b5a5061e4e1eb63520319c52a810f3a3
2026-03-29 01:31:51,503 [INFO]   [11/80] [OK] Data Platform Lead, Legal Data Engineer, Data Engineer - Building Vietnam Legal AI Platform | DATA
2026-03-29 01:32:04,082 [INFO]   [12/80] [OK] Chuyên gia Dữ liệu kinh doanh - Khối Công nghệ Ngân hàng số | OTHER_IT
2026-03-29 01:32:16,524 [INFO]     [SKIP] Non-IT: HR Data Analyst (Female)
2026-03-29 01:32:28,918 [INFO]   [14/80] [OK] IT Solutions Analyst | DATA
2026-03-29 01:32:41,339 [INFO]   [15/80] [OK] BI Supervisor/Team Lead, International | DATA
2026-03-29 01:32:49,986 [ERROR] Worker failed: 'description'
2026-03-29 01:32:50,033 [ERROR] Worker failed: 'description'
2026-03-29 01:32:50,034 [ERROR] Worker failed: 'description'
2026-03-29 01:32:51,650 [ERROR] Worker failed: 'description'
2026-03-29 01:32:54,025 [INFO]   [20/80] [OK] Chuyên Viên Phát Triển Phần Mềm IT | OTHER_IT
2026-03-29 01:33:02,606 [INFO]   [21/80] [OK] Product Manager (Data 360) (Chuyên Ngành Kế Kiểm) | DATA
2026-03-29 01:33:02,823 [INFO]   [22/80] [OK] Trưởng Nhóm Phát Triển Phần Mềm AI | DATA
2026-03-29 01:33:03,495 [INFO]   [23/80] [OK] Senior Data Engineer | DATA
2026-03-29 01:33:04,503 [INFO]   [24/80] [OK] Legal Data & Digital Transformation Analyst | BACKEND
2026-03-29 01:33:06,757 [INFO]   [25/80] [OK] Chuyên Viên (Kỹ Sư) Dữ Liệu | DATA
2026-03-29 01:33:16,993 [INFO]   [26/80] [OK] Senior AI Engineer (Computer Vision/NPL/LLM) - Khối Công nghệ thông tin (HOLT.17) | DATA
2026-03-29 01:33:17,512 [INFO]   [27/80] [OK] Senior AI Expert - Khối Công nghệ thông tin (HOLT.16) | DATA
2026-03-29 01:33:17,884 [INFO]   [28/80] [OK] AI Expert - Khối Công nghệ thông tin (HOLT.15) | DATA
2026-03-29 01:33:18,290 [INFO]   [29/80] [OK] [Hà Nội] Business Intelligence Executive (Data Analyst Executive) | OTHER_IT
2026-03-29 01:33:19,254 [WARNING] Retrying (Retry(total=2, connect=None, read=None, redirect=None, status=None)) after connection broken by 'ReadTimeoutError("HTTPConnectionPool(host='localhost', port=50234): Read timed out. (read timeout=120)")': /session/73d5abecb3fe87056d74001d99b2f12d
2026-03-29 01:33:19,958 [INFO]   [30/80] [OK] AI Engineer (GenAI/ Rag/ Agent) | DATA
2026-03-29 01:33:34,491 [INFO]   [31/80] [OK] Chuyên viên, Chuyên viên Cao cấp Khoa học Dữ liệu - Data Scientist - Data Scientist - Khối Dữ liệu (HO26.77) | DATA
2026-03-29 01:33:35,425 [INFO]   [32/80] [OK] Global Reporting Analyst | DATA
2026-03-29 01:33:35,426 [INFO]   [33/80] [OK] Giám Đốc Dữ Liệu (Chief Data Officer (CDO) | BACKEND
2026-03-29 01:33:37,159 [INFO]   [34/80] [OK] [HO] AI Engineer | DATA
2026-03-29 01:33:48,277 [INFO]   [35/80] [OK] Chuyên Viên Phân Tích Dữ Liệu Thị Trường (Data Scientist Financial Market) | DATA
2026-03-29 01:33:49,037 [INFO]   [36/80] [OK] Senior Business Intelligence Analyst (Chuyên Viên Cao Cấp Quản Lý Vận Hành) | DATA
2026-03-29 01:33:50,315 [INFO]   [37/80] [OK] Senior Model Development And Big Data Executive | BACKEND
2026-03-29 01:33:50,658 [INFO]   [38/80] [OK] AI Engineer (Kỹ Sư Trí Tuệ Nhân Tạo) | BACKEND
2026-03-29 01:33:50,953 [INFO]   [39/80] [OK] Machine Learning Ops Engineer - Mlops Engineer (Virtual Official) | DATA
2026-03-29 01:34:04,548 [INFO]   [40/80] [OK] Senior Data Analyst | OTHER_IT
2026-03-29 01:34:05,081 [INFO]   [41/80] [OK] Kỹ Sư AI - AI Engineer - Lương Upto 35 Triệu | BACKEND
2026-03-29 01:34:06,437 [INFO]   [42/80] [OK] Kỹ Sư Khoa Học Dữ Liệu (Data Scientist) | DATA
2026-03-29 01:34:13,469 [INFO]   [43/80] [OK] Kỹ Sư Dữ Liệu - Data Engineer | DATA
2026-03-29 01:34:14,170 [INFO]   [44/80] [OK] Chuyên Viên Cao Cấp Khoa Học Dữ Liệu - Data Scientist - Khối Dữ Liệu (HO26.30) | DATA
2026-03-29 01:34:18,722 [INFO]   [45/80] [OK] AI Automation Engineer | BACKEND
2026-03-29 01:34:19,561 [INFO]   [46/80] [OK] Machine Vision AI Engineer | BACKEND
2026-03-29 01:34:21,396 [INFO]   [47/80] [OK] [Hà Nội] CV Kế Hoạch Chiến Lược và Chuyển Đổi Số (AI/ Big Data/ Công Nghệ) | DATA
2026-03-29 01:34:21,996 [ERROR] Worker failed: 'description'
2026-03-29 01:34:22,035 [INFO] [SAVE] Added 47 new IT jobs to data\vnworks_it_full.csv
2026-03-29 01:34:22,039 [INFO] --- Searching for keyword: Data Scientist ---
2026-03-29 01:34:22,041 [INFO] >> Phase 1: Collecting jobs for 'Data Scientist' (DATA)
2026-03-29 01:34:36,271 [INFO]   [48/80] [OK] Senior AI Engineer (Computer Vision/npl/llm) - Khối Công Nghệ Thông Tin (Ho26.18) | DATA
2026-03-29 01:34:36,425 [INFO]   [49/80] [OK] Chuyên Viên Cao Cấp Quản Trị Rủi Ro Mô Hình - Model Risk Management Senior Specialist - Khối Quản Trị Rủi Ro (HO26.15) | OTHER_IT
2026-03-29 01:34:36,613 [INFO]   [50/80] [OK] [Internship Program] AI Engineer Intern | DATA
2026-03-29 01:34:36,783 [INFO]   [51/80] [OK] Chuyên Viên Mô Hình và Phân Tích Nâng Cao - Data Scientist - Modeling and Advanced Analytics - Khối Dữ Liệu (HOLT.07) | DATA
2026-03-29 01:34:39,605 [INFO]   Page 1: found 50 jobs. New items: 29
2026-03-29 01:34:51,485 [INFO]   Page 2: found 32 jobs. New items: 24
2026-03-29 01:34:51,968 [INFO]   [52/80] [OK] Chuyên Viên Cao Cấp Mô Hình Hóa và Phân Tích Nâng Cao - Senior Data Scientist - Modeling and Advanced Analytics - Khối Dữ Liệu (HOLT.08) | DATA
2026-03-29 01:34:52,731 [INFO]   [53/80] [OK] MB Trainee - AI Engineer (Fresher) - Khối Công Nghệ Thông Tin (HOLT.14) | DATA
2026-03-29 01:34:53,293 [INFO]   [54/80] [OK] AI Engineer (Computer Vision/npl/llm) - Khối Công Nghệ Thông Tin (HOLT.13) | DATA
2026-03-29 01:34:53,762 [INFO]   [55/80] [OK] Chuyên viên Phát triển khoa học dữ liệu - Data Scientist - Khối Công nghệ thông tin (HO26.84) | DATA
2026-03-29 01:35:34,994 [INFO]   [56/80] [OK] Kỹ Sư AI NLP | DATA
2026-03-29 01:35:35,010 [INFO]   [57/80] [OK] Kỹ Sư Phân Tích Dữ Liệu | DATA
2026-03-29 01:35:35,325 [INFO]   [58/80] [OK] Chuyên Gia Kiến Trúc Ứng Dụng - Solution Architect - Khối Công Nghệ Thông Tin (HOLT.10) | OTHER_IT
2026-03-29 01:35:35,433 [INFO]   [59/80] [OK] Data Analyst | DATA
2026-03-29 01:35:35,588 [INFO]   [1/50] [OK] Trưởng Nhóm Phát Triển Phần Mềm AI
2026-03-29 01:35:35,915 [INFO]   [2/50] [OK] Product Manager (Data 360) (Chuyên Ngành Kế Kiểm)
2026-03-29 01:35:36,015 [INFO]   [3/50] [OK] IT Solutions Analyst
2026-03-29 01:36:08,567 [INFO]   [60/80] [OK] Business Intelligence/data Analytics Manager (CXG) | DATA
2026-03-29 01:36:08,821 [INFO]   [4/50] [OK] Chuyên Viên (Kỹ Sư) Dữ Liệu
2026-03-29 01:36:09,828 [INFO]   [5/50] [OK] Legal Data & Digital Transformation Analyst
2026-03-29 01:36:09,894 [INFO]   [61/80] [OK] Business Excellence Analyst (Contract 12 Months) | DATA
2026-03-29 01:36:10,188 [INFO]   [62/80] [OK] Chuyên Gia Quản Trị Dữ Liệu – Tại Hà Nội (Phòng Kế Hoạch Tổng Hợp) | DATA
2026-03-29 01:36:10,538 [INFO]   [6/50] [OK] Chuyên Viên Phát Triển Phần Mềm IT
2026-03-29 01:36:11,613 [INFO]   [7/50] [OK] Senior Data Engineer
2026-03-29 01:36:41,405 [INFO]   [8/50] [OK] [Hà Nội] Business Intelligence Executive (Data Analyst Executive)
2026-03-29 01:36:41,636 [INFO]   [63/80] [OK] Data Migration And Reporting Specialist | DATA
2026-03-29 01:36:41,820 [INFO]   [9/50] [OK] Senior AI Expert - Khối Công nghệ thông tin (HOLT.16)
2026-03-29 01:36:41,989 [INFO]   [10/50] [OK] Senior AI Engineer (Computer Vision/NPL/LLM) - Khối Công nghệ thông tin (HOLT.17)
2026-03-29 01:36:42,319 [INFO]   [64/80] [OK] Senior AI Engineer (1-Year Contractor) | FRONTEND
2026-03-29 01:36:57,961 [ERROR] Detail error https://www.vietnamworks.com/ky-su-tri-tue-nhan-tao-ai-engineer-2023155-jv: HTTPConnectionPool(host='localhost', port=51140): Read timed out. (read timeout=120)
2026-03-29 01:36:59,013 [ERROR] Detail error https://www.vietnamworks.com/hr-data-analyst-female--2022769-jv: HTTPConnectionPool(host='localhost', port=64865): Read timed out. (read timeout=120)
2026-03-29 01:37:07,375 [INFO]   [11/50] [OK] Global Reporting Analyst
2026-03-29 01:37:07,391 [INFO]   [65/80] [OK] Machine Learning Engineer | DATA
2026-03-29 01:37:07,740 [INFO]   [12/50] [OK] Chuyên viên, Chuyên viên Cao cấp Khoa học Dữ liệu - Data Scientist - Data Scientist - Khối Dữ liệu (HO26.77)
2026-03-29 01:37:07,849 [INFO]   [66/80] [OK] Head Of AI & Model Team | DATA
2026-03-29 01:37:07,866 [INFO]   [67/80] [OK] [HN] AI Engineer | DATA
2026-03-29 01:37:09,003 [INFO]   [13/50] [OK] AI Engineer (GenAI/ Rag/ Agent)
2026-03-29 01:37:32,664 [INFO]     [SKIP] Non-IT: Tuyển Nữ - Nhân Viên Kế Toán Lương Upto 13 Triệu/tháng
2026-03-29 01:37:33,323 [INFO]   [14/50] [OK] [HO] AI Engineer
2026-03-29 01:37:33,680 [INFO]   [69/80] [OK] Trưởng Phòng Công Nghệ Thông Tin | DATA
2026-03-29 01:37:34,052 [INFO]   [15/50] [OK] Giám Đốc Dữ Liệu (Chief Data Officer (CDO)
2026-03-29 01:37:35,967 [INFO]     [SKIP] Non-IT: Kỹ Sư Trắc Đạc (Lương 20 -26 Triệu/ Tháng)
2026-03-29 01:38:12,263 [INFO]   [16/50] [OK] Senior Business Intelligence Analyst (Chuyên Viên Cao Cấp Quản Lý Vận Hành)
2026-03-29 01:38:12,403 [INFO]   [17/50] [OK] AI Engineer (Kỹ Sư Trí Tuệ Nhân Tạo)
2026-03-29 01:38:12,592 [INFO]     [SKIP] Non-IT: Sales Supervisor – Medical Equipment
2026-03-29 01:38:12,886 [INFO]   [18/50] [OK] Chuyên Viên Phân Tích Dữ Liệu Thị Trường (Data Scientist Financial Market)
2026-03-29 01:38:13,012 [ERROR] Detail error https://www.vietnamworks.com/urgent-business-intelligence-executive-fmcg-hanoi-2017814-jv: HTTPConnectionPool(host='localhost', port=49863): Read timed out. (read timeout=120)
2026-03-29 01:38:13,200 [INFO]     [SKIP] Non-IT: Industrial Sales Executive (Chinese Speaking) | Hai Phong & Hai Duong
2026-03-29 01:38:14,204 [ERROR] Detail error https://www.vietnamworks.com/ai-expert-khoi-cong-nghe-thong-tin-holt-15-2023471-jv: HTTPConnectionPool(host='localhost', port=57696): Read timed out. (read timeout=120)
2026-03-29 01:38:34,207 [INFO]   [19/50] [OK] Senior Model Development And Big Data Executive
2026-03-29 01:38:34,733 [INFO]     [SKIP] Non-IT: Kế Toán Tổng Hợp
2026-03-29 01:38:34,795 [INFO]   [20/50] [OK] Machine Learning Ops Engineer - Mlops Engineer (Virtual Official)
2026-03-29 01:38:35,059 [INFO]     [SKIP] Non-IT: Tuyển Dụng Nhân Viên Kinh Doanh
2026-03-29 01:38:37,207 [INFO]   [21/50] [OK] Senior Data Analyst
2026-03-29 01:38:55,170 [INFO]   [22/50] [OK] Kỹ Sư AI - AI Engineer - Lương Upto 35 Triệu
2026-03-29 01:38:55,452 [INFO]     [SKIP] Non-IT: Kế Toán Tổng Hợp (General Accountant)
2026-03-29 01:38:55,607 [INFO]   [23/50] [OK] Kỹ Sư Khoa Học Dữ Liệu (Data Scientist)
2026-03-29 01:38:55,654 [INFO]     [SKIP] Non-IT: Chuyên Viên Kinh Doanh Nhựa Công Nghiệp – Lương Cứng Upto 17 Triệu + Thưởng Doanh Số, Hoa Hồng
2026-03-29 01:38:58,027 [WARNING] Retrying (Retry(total=2, connect=None, read=None, redirect=None, status=None)) after connection broken by 'ReadTimeoutError("HTTPConnectionPool(host='localhost', port=51140): Read timed out. (read timeout=120)")': /session/8961b64170656ab82a40005769048214
2026-03-29 01:38:58,809 [INFO]   [24/50] [OK] Chuyên Viên Cao Cấp Khoa Học Dữ Liệu - Data Scientist - Khối Dữ Liệu (HO26.30)
2026-03-29 01:38:59,217 [WARNING] Retrying (Retry(total=2, connect=None, read=None, redirect=None, status=None)) after connection broken by 'ReadTimeoutError("HTTPConnectionPool(host='localhost', port=64865): Read timed out. (read timeout=120)")': /session/1f1df59266750eca5d58146d3552d148
2026-03-29 01:39:14,057 [INFO]     [SKIP] Non-IT: Nhân Viên Kinh Doanh (Không Yêu Cầu Kinh Nghiệm)
2026-03-29 01:39:15,998 [INFO]   [25/50] [OK] Kỹ Sư Dữ Liệu - Data Engineer
2026-03-29 01:39:16,340 [INFO]   [26/50] [OK] AI Automation Engineer
2026-03-29 01:39:17,632 [INFO]   [27/50] [OK] Machine Vision AI Engineer
2026-03-29 01:39:29,661 [INFO]   [28/50] [OK] [Hà Nội] CV Kế Hoạch Chiến Lược và Chuyển Đổi Số (AI/ Big Data/ Công Nghệ)
2026-03-29 01:39:30,082 [INFO]   [29/50] [OK] Senior AI Engineer (Computer Vision/npl/llm) - Khối Công Nghệ Thông Tin (Ho26.18)
2026-03-29 01:39:31,387 [INFO]   [30/50] [OK] Chuyên Viên Cao Cấp Quản Trị Rủi Ro Mô Hình - Model Risk Management Senior Specialist - Khối Quản Trị Rủi Ro (HO26.15)
2026-03-29 01:39:38,516 [ERROR] Detail error https://www.vietnamworks.com/nhan-vien-thiet-ke-thoi-trang-2018950-jv/: HTTPConnectionPool(host='localhost', port=53483): Read timed out. (read timeout=120)
2026-03-29 01:39:43,265 [INFO]   [31/50] [OK] [Internship Program] AI Engineer Intern
2026-03-29 01:39:43,809 [INFO]   [32/50] [OK] Chuyên Viên Mô Hình và Phân Tích Nâng Cao - Data Scientist - Modeling and Advanced Analytics - Khối Dữ Liệu (HOLT.07)
2026-03-29 01:39:44,771 [INFO]   [33/50] [OK] Chuyên Viên Cao Cấp Mô Hình Hóa và Phân Tích Nâng Cao - Senior Data Scientist - Modeling and Advanced Analytics - Khối Dữ Liệu (HOLT.08)
2026-03-29 01:39:54,990 [INFO]   [34/50] [OK] AI Engineer (Computer Vision/npl/llm) - Khối Công Nghệ Thông Tin (HOLT.13)
2026-03-29 01:39:56,604 [INFO]   [35/50] [OK] MB Trainee - AI Engineer (Fresher) - Khối Công Nghệ Thông Tin (HOLT.14)
2026-03-29 01:39:58,420 [INFO]   [36/50] [OK] Chuyên Gia Kiến Trúc Ứng Dụng - Solution Architect - Khối Công Nghệ Thông Tin (HOLT.10)
2026-03-29 01:40:00,877 [ERROR] Worker failed: 'description'
2026-03-29 01:40:01,568 [ERROR] Worker failed: 'description'
2026-03-29 01:40:10,004 [INFO]   [38/50] [OK] Chuyên viên Phát triển khoa học dữ liệu - Data Scientist - Khối Công nghệ thông tin (HO26.84)
2026-03-29 01:40:10,844 [INFO]   [39/50] [OK] Kỹ Sư Phân Tích Dữ Liệu
2026-03-29 01:40:11,589 [INFO]   [40/50] [OK] Kỹ Sư AI NLP
2026-03-29 01:40:13,023 [WARNING] Retrying (Retry(total=2, connect=None, read=None, redirect=None, status=None)) after connection broken by 'ReadTimeoutError("HTTPConnectionPool(host='localhost', port=49863): Read timed out. (read timeout=120)")': /session/31a9b62c30d1a1dbe4822972b1484094
2026-03-29 01:40:14,215 [WARNING] Retrying (Retry(total=2, connect=None, read=None, redirect=None, status=None)) after connection broken by 'ReadTimeoutError("HTTPConnectionPool(host='localhost', port=57696): Read timed out. (read timeout=120)")': /session/10f3f36c3e6ade6f832a0ef5a9866ef4
2026-03-29 01:40:14,924 [INFO]   [41/50] [OK] Data Analyst
2026-03-29 01:40:24,185 [INFO]   [42/50] [OK] Kỹ Sư Trí Tuệ Nhân Tạo (AI Engineer)
2026-03-29 01:40:24,965 [INFO]   [43/50] [OK] Chuyên Gia Quản Trị Dữ Liệu – Tại Hà Nội (Phòng Kế Hoạch Tổng Hợp)
2026-03-29 01:40:25,232 [INFO]   [44/50] [OK] Business Excellence Analyst (Contract 12 Months)
2026-03-29 01:40:29,118 [INFO]   [45/50] [OK] Senior AI Engineer (1-Year Contractor)
2026-03-29 01:40:38,534 [INFO]   [46/50] [OK] Business Intelligence/data Analytics Manager (CXG)
2026-03-29 01:40:39,372 [INFO]   [47/50] [OK] [HN] AI Engineer
2026-03-29 01:40:39,627 [INFO]   [48/50] [OK] Data Migration And Reporting Specialist
2026-03-29 01:40:42,571 [INFO]   [49/50] [OK] [Urgent] Business Intelligence Executive (FMCG) - Hanoi
2026-03-29 01:41:15,465 [ERROR] Worker failed: 'description'
2026-03-29 01:41:16,616 [ERROR] Worker failed: 'description'
2026-03-29 01:41:16,641 [INFO] [SAVE] Added 48 new IT jobs to data\vnworks_it_full.csv
2026-03-29 01:41:16,642 [INFO] --- Searching for keyword: Data Engineer ---
2026-03-29 01:41:16,642 [INFO] >> Phase 1: Collecting jobs for 'Data Engineer' (DATA)
2026-03-29 01:41:27,928 [INFO]   Page 1: found 51 jobs. New items: 14
2026-03-29 01:41:36,540 [INFO]   Page 2: found 54 jobs. New items: 33
2026-03-29 01:41:38,540 [WARNING] Retrying (Retry(total=2, connect=None, read=None, redirect=None, status=None)) after connection broken by 'ReadTimeoutError("HTTPConnectionPool(host='localhost', port=53483): Read timed out. (read timeout=120)")': /session/42a4faf3b2b39e305e44dcb49b33f37b
2026-03-29 01:41:44,181 [INFO]   Page 3: found 55 jobs. New items: 35
2026-03-29 01:41:59,871 [INFO]   [1/50] [OK] AI Data Analytics
2026-03-29 01:42:00,401 [INFO]   [2/50] [OK] Chuyên Viên Phân Tích Nghiệp Vụ (Business Analyst) - Mã Số: Qldv-01
2026-03-29 01:42:00,864 [INFO]   [3/50] [OK] Chuyên Viên Phân Tích Dữ Liệu (Data Analyst) - Mã Số: Qldv-02
2026-03-29 01:42:00,909 [INFO]     [SKIP] Final Filter (Non-IT): HR Data Analyst (Female)
2026-03-29 01:42:01,048 [INFO]     [SKIP] Final Filter (Non-IT): Senior Marketing Analytics Specialist
2026-03-29 01:42:12,561 [INFO]   [6/50] [OK] Chuyên Viên Quản Lý Dữ Liệu (Master Data Management)
2026-03-29 01:42:13,349 [INFO]   [7/50] [OK] Trưởng Bộ Phận Kỹ Thuật Vận Hành
2026-03-29 01:42:14,795 [INFO]   [8/50] [OK] Power BI Report Developer
2026-03-29 01:42:14,840 [INFO]   [9/50] [OK] Nhân Viên ERP
2026-03-29 01:42:14,981 [INFO]   [10/50] [OK] Expert/ Senior Business And Data Analyst
2026-03-29 01:42:26,179 [INFO]   [11/50] [OK] Data Analytics Manager
2026-03-29 01:42:26,412 [INFO]   [12/50] [OK] Developing And Sourcing (D&S) - 01 Vietnames Person
2026-03-29 01:42:28,329 [INFO]   [13/50] [OK] AI Expert - Khối Công nghệ thông tin (HOLT.15)
2026-03-29 01:42:28,572 [INFO]   [14/50] [OK] Data Engineer
2026-03-29 01:42:28,925 [INFO]   [15/50] [OK] Chuyên viên Cao cấp Kiến trúc Giải pháp Dữ liệu - Data Architect - Khối Dữ liệu (HO26.79)
2026-03-29 01:42:42,199 [INFO]   [16/50] [OK] FPGA Engineer SDR & Wireless Systems
2026-03-29 01:42:42,354 [ERROR] Worker failed: 'description'
2026-03-29 01:42:42,387 [INFO] [SAVE] +63 jobs for keyword 'Data Scientist' → data\vnworks_it_full.csv
2026-03-29 01:42:43,057 [INFO]   [17/50] [OK] Junior Data & System Analyst
2026-03-29 01:42:44,041 [INFO]   [DATA][Data Engineer] Page 1: https://www.vietnamworks.com/viec-lam?g=5&q=Data Engineer&page=1
2026-03-29 01:42:44,397 [INFO]   [18/50] [OK] Phát Triển AI - Topk (Kinh Nghiệm 3 Năm)
2026-03-29 01:42:45,146 [INFO]   [19/50] [OK] Tuyển Dụng Nhân Viên Vận Hành Amazon (Bình Tân – HCM )
2026-03-29 01:42:45,437 [INFO]   [20/50] [OK] Information System Specialist - ERP (Epicor) Dev
2026-03-29 01:43:02,721 [INFO]     51 scraped, 14 new (total collected: 14)
2026-03-29 01:43:02,729 [INFO]   [DATA][Data Engineer] Page 2: https://www.vietnamworks.com/viec-lam?g=5&q=Data Engineer&page=2
2026-03-29 01:43:10,645 [INFO]   [21/50] [OK] Kỹ Sư AI
2026-03-29 01:43:10,954 [INFO]   [22/50] [OK] Chuyên Viên Quản Lý Dữ Liệu (Master Data Management)
2026-03-29 01:43:10,985 [INFO]   [23/50] [OK] Data & Analytics Manager
2026-03-29 01:43:11,093 [INFO]   [24/50] [OK] Chuyên Viên Phân Tích Dữ Liệu Sản Xuất
2026-03-29 01:43:11,861 [INFO]     54 scraped, 32 new (total collected: 46)
2026-03-29 01:43:11,863 [INFO]   [DATA][Data Engineer] Page 3: https://www.vietnamworks.com/viec-lam?g=5&q=Data Engineer&page=3
2026-03-29 01:43:14,350 [INFO]     [SKIP] Final Filter (Non-IT): Sales Analyst (Cp&a Function)
2026-03-29 01:43:29,696 [INFO]     55 scraped, 35 new (total collected: 81)
2026-03-29 01:43:29,696 [INFO]   [DATA][Data Engineer] Page 4: https://www.vietnamworks.com/viec-lam?g=5&q=Data Engineer&page=4
2026-03-29 01:43:34,566 [INFO]   [26/50] [OK] SAP Analytics Cloud & Datasphere Consultant
2026-03-29 01:43:34,735 [INFO]   [27/50] [OK] Chuyên Viên Cao Cấp Phân Tích Nghiệp Vụ Hệ Thống & Quy Trình Tín Dụng
2026-03-29 01:43:34,825 [INFO]   [28/50] [OK] Head Of AI
2026-03-29 01:43:35,395 [INFO]   [29/50] [OK] AI Product Engineering Manager
2026-03-29 01:43:37,925 [INFO]     16 scraped, 6 new (total collected: 87)
2026-03-29 01:43:37,938 [INFO]   [DATA][Data Engineer] Page 5: https://www.vietnamworks.com/viec-lam?g=5&q=Data Engineer&page=5
2026-03-29 01:43:53,527 [INFO]     25 scraped, 10 new (total collected: 97)
2026-03-29 01:43:53,528 [INFO]   [DATA][Data Engineer] Page 6: https://www.vietnamworks.com/viec-lam?g=5&q=Data Engineer&page=6
2026-03-29 01:44:00,092 [INFO]   [30/50] [OK] Kỹ Sư Phát Triển Nền Tảng, Hệ Thống
2026-03-29 01:44:00,155 [INFO]   [31/50] [OK] Data Protection Officer (French Speaking) - Master Data Lifecycle Steward
2026-03-29 01:44:00,169 [INFO]   [32/50] [OK] Data Analyst Executive
2026-03-29 01:44:00,496 [INFO]   [33/50] [OK] Market Research Staff (Motorcycle Market - FDI Company)
2026-03-29 01:44:00,527 [INFO]   [34/50] [OK] Robotics Vision Engineer
2026-03-29 01:44:02,393 [INFO]     25 scraped, 0 new (total collected: 97)
2026-03-29 01:44:02,416 [INFO]   [DATA][Data Engineer] Page 7: https://www.vietnamworks.com/viec-lam?g=5&q=Data Engineer&page=7
2026-03-29 01:44:16,051 [INFO]     25 scraped, 0 new (total collected: 97)
2026-03-29 01:44:16,070 [INFO]   [DATA][Data Engineer] Page 8: https://www.vietnamworks.com/viec-lam?g=5&q=Data Engineer&page=8
2026-03-29 01:44:25,445 [INFO]     25 scraped, 0 new (total collected: 97)
2026-03-29 01:44:25,446 [INFO]   [DATA][Data Engineer] Page 9: https://www.vietnamworks.com/viec-lam?g=5&q=Data Engineer&page=9
2026-03-29 01:44:26,318 [INFO]   [35/50] [OK] Kỹ Sư Quản Trị Cơ Sở Dữ Liệu - DBA
2026-03-29 01:44:26,603 [INFO]   [36/50] [OK] Kỹ Sư Dữ Liệu - Data Engineer - Khối Dữ Liệu (HO26.31)
2026-03-29 01:44:26,617 [INFO]   [37/50] [OK] Chuyên Viên Quản Lý Chất Lượng Dữ Liệu - Data Quality Management Specialist - Khối Dữ Liệu (HO26.26)
2026-03-29 01:44:26,727 [INFO]   [38/50] [OK] Chuyên Viên Cao Cấp Kiến Trúc Giải Pháp Dữ Liệu - Data Architect - Khối Dữ Liệu (HO26.32)
2026-03-29 01:44:27,996 [INFO]   [39/50] [OK] Document Control Staff (Maintenance Engineer) Nhân Viên Kiểm Soát Tài Liệu Kỹ Thuật
2026-03-29 01:44:35,118 [INFO]     25 scraped, 0 new (total collected: 97)
2026-03-29 01:44:35,129 [INFO]   [DATA][Data Engineer] Page 10: https://www.vietnamworks.com/viec-lam?g=5&q=Data Engineer&page=10
2026-03-29 01:44:45,371 [INFO]     25 scraped, 0 new (total collected: 97)
2026-03-29 01:44:49,222 [INFO]   [40/50] [OK] Chuyên Viên Phân Tích Dữ Liệu
2026-03-29 01:44:49,343 [INFO]   [41/50] [OK] Data Solution Architect (Banking/Finance)
2026-03-29 01:44:49,496 [INFO]   [42/50] [OK] Kỹ Sư AI CV
2026-03-29 01:44:49,806 [INFO]   Collected 97 URLs for 'Data Engineer'. Starting detail extraction...
2026-03-29 01:44:50,419 [INFO]   [43/50] [OK] Senior SAP MM Consultant
2026-03-29 01:45:20,386 [INFO]   [44/50] [OK] Trợ Lý Sales B2B Quốc Tế – Next Gen (Powered By Digital & AI)
2026-03-29 01:45:20,905 [INFO]   [1/97] [OK] Chuyên Viên Phân Tích Nghiệp Vụ (Business Analyst) - Mã Số: Qldv-01 | OTHER_IT
2026-03-29 01:45:21,027 [INFO]     [SKIP] Non-IT: HR Data Analyst (Female)
2026-03-29 01:45:21,198 [INFO]   [45/50] [OK] AI Lead (Agentic AI)
2026-03-29 01:45:21,520 [INFO]   [46/50] [OK] Digital Transformation Engineer (Microsoft Power Platform)
2026-03-29 01:45:21,674 [INFO]     [SKIP] Non-IT: Senior Marketing Analytics Specialist
2026-03-29 01:45:55,720 [INFO]   [4/97] [OK] AI Data Analytics | DATA
2026-03-29 01:45:56,159 [INFO]   [5/97] [OK] Nhân Viên ERP | DATA
2026-03-29 01:45:56,482 [INFO]   [47/50] [OK] Chuyên Viên Phân Tích Khách Hàng Doanh Nghiệp - Business Customer Data Analyst - Khối Dữ Liệu (HO26.37)
2026-03-29 01:45:56,653 [INFO]   [48/50] [OK] Data Engineer - Khối Công Nghệ Thông Tin (HO26.16)
2026-03-29 01:45:56,791 [INFO]   [6/97] [OK] Chuyên Viên Phân Tích Dữ Liệu (Data Analyst) - Mã Số: Qldv-02 | OTHER_IT
2026-03-29 01:45:56,791 [INFO]   [7/97] [OK] Chuyên Viên Quản Lý Dữ Liệu (Master Data Management) | OTHER_IT
2026-03-29 01:46:10,271 [INFO]   [8/97] [OK] Expert/ Senior Business And Data Analyst | BACKEND
2026-03-29 01:46:10,838 [INFO]   [9/97] [OK] Power BI Report Developer | DATA
2026-03-29 01:46:11,198 [INFO]   [10/97] [OK] Data Analytics Manager | DATA
2026-03-29 01:46:11,430 [INFO]   [11/97] [OK] Developing And Sourcing (D&S) - 01 Vietnames Person | OTHER_IT
2026-03-29 01:46:24,499 [INFO]   [12/97] [OK] Data Engineer | BACKEND
2026-03-29 01:46:24,998 [INFO]   [13/97] [OK] FPGA Engineer SDR & Wireless Systems | EMBEDDED
2026-03-29 01:46:25,305 [INFO]   [14/97] [OK] Chuyên viên Cao cấp Kiến trúc Giải pháp Dữ liệu - Data Architect - Khối Dữ liệu (HO26.79) | OTHER_IT
2026-03-29 01:46:25,567 [INFO]   [15/97] [OK] Junior Data & System Analyst | BACKEND
2026-03-29 01:46:38,968 [INFO]   [16/97] [OK] Tuyển Dụng Nhân Viên Vận Hành Amazon (Bình Tân – HCM ) | DATA
2026-03-29 01:46:39,477 [INFO]   [17/97] [OK] Phát Triển AI - Topk (Kinh Nghiệm 3 Năm) | DATA
2026-03-29 01:46:39,866 [INFO]   [18/97] [OK] Information System Specialist - ERP (Epicor) Dev | DATA
2026-03-29 01:46:40,183 [INFO]   [19/97] [OK] Data & Analytics Manager | BACKEND
2026-03-29 01:46:54,348 [INFO]   [20/97] [OK] Chuyên Viên Quản Lý Dữ Liệu (Master Data Management) | DATA
2026-03-29 01:46:54,808 [INFO]   [21/97] [OK] Kỹ Sư AI | DATA
2026-03-29 01:46:55,041 [ERROR] Detail error https://www.vietnamworks.com/process-modeler-waste-treatment-renewable-energy-2028377-jv: HTTPConnectionPool(host='localhost', port=61073): Read timed out. (read timeout=120)
2026-03-29 01:46:55,414 [INFO]     [SKIP] Non-IT: Sales Analyst (Cp&a Function)
2026-03-29 01:46:55,460 [INFO]   [23/97] [OK] Chuyên Viên Phân Tích Dữ Liệu Sản Xuất | OTHER_IT
2026-03-29 01:47:09,114 [INFO]   [24/97] [OK] Chuyên Viên Cao Cấp Phân Tích Nghiệp Vụ Hệ Thống & Quy Trình Tín Dụng | DATA
2026-03-29 01:47:09,567 [INFO]   [25/97] [OK] Head Of AI | DATA
2026-03-29 01:47:10,923 [INFO]   [26/97] [OK] SAP Analytics Cloud & Datasphere Consultant | DATA
2026-03-29 01:47:11,584 [INFO]   [27/97] [OK] Data Protection Officer (French Speaking) - Master Data Lifecycle Steward | DATA
2026-03-29 01:47:22,127 [ERROR] Detail error https://www.vietnamworks.com/data-analyst--2003322-jv: HTTPConnectionPool(host='localhost', port=50856): Read timed out. (read timeout=120)
2026-03-29 01:47:23,231 [INFO]   [28/97] [OK] AI Product Engineering Manager | DATA
2026-03-29 01:47:23,856 [INFO]   [29/97] [OK] Kỹ Sư Phát Triển Nền Tảng, Hệ Thống | BACKEND
2026-03-29 01:47:24,013 [ERROR] Detail error https://www.vietnamworks.com/truong-bo-phan-ky-thuat-van-hanh-2022932-jv: HTTPConnectionPool(host='localhost', port=50524): Read timed out. (read timeout=120)
2026-03-29 01:47:25,346 [INFO]   [30/97] [OK] Market Research Staff (Motorcycle Market - FDI Company) | OTHER_IT
2026-03-29 01:47:25,807 [INFO]   [31/97] [OK] Robotics Vision Engineer | DATA
2026-03-29 01:47:37,036 [INFO]   [32/97] [OK] Data Analyst Executive | DATA
2026-03-29 01:47:37,531 [INFO]   [33/97] [OK] Kỹ Sư Dữ Liệu - Data Engineer - Khối Dữ Liệu (HO26.31) | DATA
2026-03-29 01:47:38,867 [INFO]   [34/97] [OK] Kỹ Sư Quản Trị Cơ Sở Dữ Liệu - DBA | DATA
2026-03-29 01:47:39,347 [INFO]   [35/97] [OK] Chuyên Viên Cao Cấp Kiến Trúc Giải Pháp Dữ Liệu - Data Architect - Khối Dữ Liệu (HO26.32) | OTHER_IT
2026-03-29 01:47:54,173 [INFO]   [36/97] [OK] Chuyên Viên Quản Lý Chất Lượng Dữ Liệu - Data Quality Management Specialist - Khối Dữ Liệu (HO26.26) | DATA
2026-03-29 01:47:54,823 [INFO]   [37/97] [OK] Document Control Staff (Maintenance Engineer) Nhân Viên Kiểm Soát Tài Liệu Kỹ Thuật | DATA
2026-03-29 01:47:55,025 [INFO]   [38/97] [OK] Data Solution Architect (Banking/Finance) | DATA
2026-03-29 01:47:56,312 [INFO]   [39/97] [OK] Kỹ Sư AI CV | DATA
2026-03-29 01:48:07,810 [INFO]   [40/97] [OK] Senior SAP MM Consultant | DATA
2026-03-29 01:48:08,420 [INFO]   [41/97] [OK] Digital Transformation Engineer (Microsoft Power Platform) | DATA
2026-03-29 01:48:09,300 [INFO]   [42/97] [OK] Chuyên Viên Phân Tích Dữ Liệu | OTHER_IT
2026-03-29 01:48:11,085 [INFO]   [43/97] [OK] AI Lead (Agentic AI) | FRONTEND
2026-03-29 01:48:21,764 [INFO]   [44/97] [OK] Trợ Lý Sales B2B Quốc Tế – Next Gen (Powered By Digital & AI) | DATA
2026-03-29 01:48:22,417 [INFO]   [45/97] [OK] Chuyên Viên Phân Tích Khách Hàng Doanh Nghiệp - Business Customer Data Analyst - Khối Dữ Liệu (HO26.37) | DATA
2026-03-29 01:48:23,827 [INFO]   [46/97] [OK] Process Modeler (Waste Treatment, Renewable Energy) | DATA
2026-03-29 01:48:24,912 [INFO]   [47/97] [OK] Data Analyst | DATA
2026-03-29 01:48:42,116 [INFO]   [48/97] [OK] Chuyên Viên Cao Cấp Kiểm Định Mô Hình Rủi Ro - Risk Model Validation Senior Specialist - Khối Quản Trị Rủi Ro (HO26.14) | OTHER_IT
2026-03-29 01:48:42,241 [INFO]   [49/97] [OK] Data Engineer - Khối Công Nghệ Thông Tin (HO26.16) | DATA
2026-03-29 01:48:42,879 [INFO]   [50/97] [OK] Kỹ Sư Phát Triển Giải Pháp Oracle - Database Developer - Khối Công Nghệ Thông Tin (HO26.17) | OTHER_IT
2026-03-29 01:48:43,925 [INFO]   [51/97] [OK] Cost Analyst (Material Price in Wood / Furniture) | OTHER_IT
2026-03-29 01:48:55,056 [WARNING] Retrying (Retry(total=2, connect=None, read=None, redirect=None, status=None)) after connection broken by 'ReadTimeoutError("HTTPConnectionPool(host='localhost', port=61073): Read timed out. (read timeout=120)")': /session/2a771150461bb0d346f3e781ab462453
2026-03-29 01:48:56,109 [INFO]   [52/97] [OK] Senior Operations Optimization & Control Analyst | DATA
2026-03-29 01:48:56,541 [INFO]   [53/97] [OK] Technology Assistant | DATA
2026-03-29 01:48:57,163 [INFO]   [54/97] [OK] Data Engineer | DATA
2026-03-29 01:48:58,769 [INFO]   [55/97] [OK] Kỹ Sư Dữ Liệu (Data Engineer) | DATA
2026-03-29 01:49:10,301 [INFO]   [56/97] [OK] Kỹ Sư Dữ Liệu và Đánh Giá Mô Hình Ngôn Ngữ Lớn (LLM Data & Evaluation Engineer) | DATA
2026-03-29 01:49:11,036 [INFO]   [57/97] [OK] Trưởng phòng Công nghệ Thị giác Máy tính - Phòng Công nghệ thị giác máy tính - Head of Computer Vision Technology Department - Khối Công nghệ thông tin (HO26.85) | DATA
2026-03-29 01:49:12,635 [INFO]   [58/97] [OK] Nhân Viên Vận Hành Và Phân Tích Dữ Liệu Thương Mại Điện Tử Quốc Tế | DATA
2026-03-29 01:49:12,945 [INFO]     [SKIP] Non-IT: Sales Manager (PCB)
2026-03-29 01:49:22,145 [WARNING] Retrying (Retry(total=2, connect=None, read=None, redirect=None, status=None)) after connection broken by 'ReadTimeoutError("HTTPConnectionPool(host='localhost', port=50856): Read timed out. (read timeout=120)")': /session/74bca0dd19736606458af8d725b4c7fc
2026-03-29 01:49:24,030 [WARNING] Retrying (Retry(total=2, connect=None, read=None, redirect=None, status=None)) after connection broken by 'ReadTimeoutError("HTTPConnectionPool(host='localhost', port=50524): Read timed out. (read timeout=120)")': /session/4475d7a51af1be0bc2099edf62f0f794
2026-03-29 01:49:24,963 [INFO]   [60/97] [OK] Kỹ sư Dữ liệu - Data Engineer - Data Engineer - Khối Dữ liệu (HO26.78) | DATA
2026-03-29 01:49:25,598 [INFO]   [61/97] [OK] Chuyên viên Quản lý chất lượng dữ liệu - Data Quality Management Specialist - Khối Dữ liệu (HO26.73) | DATA
2026-03-29 01:49:26,362 [INFO]   [62/97] [OK] Chuyên viên Phân tích và thiết kế Mô hình dữ liệu - Data Analyst - Khối Dữ liệu (HO26.76) | DATA
2026-03-29 01:49:27,273 [INFO]   [63/97] [OK] Trưởng Nhóm SEO | DATA
2026-03-29 01:49:39,763 [INFO]   [64/97] [OK] Financial Sector Consulting - IT & Innovation, Assistant/Intern | BACKEND
2026-03-29 01:49:40,304 [INFO]   [65/97] [OK] Chuyên Viên Data Analyst Marketing | BACKEND
2026-03-29 01:49:40,598 [INFO]   [66/97] [OK] Chuyên Viên Phân Tích và Thiết Kế Mô Hình Dữ Liệu - Data Analyst - Khối Dữ Liệu (HO26.29) | DATA
2026-03-29 01:49:42,010 [INFO]   [67/97] [OK] Executive, Operations Excellence Ecommerce | DATA
2026-03-29 01:49:54,571 [INFO]   [68/97] [OK] AI Applications Manager (Robotics & Intelligent Systems) | BACKEND
2026-03-29 01:49:55,174 [INFO]   [69/97] [OK] * HOT JOB * REPORTING ENGINEER (Power BI / Microsoft Fabric) | REMOTE | FULL-TIME | DATA
2026-03-29 01:49:56,638 [INFO]   [70/97] [OK] [HCM] Data Analyst | DATA
2026-03-29 01:49:56,870 [INFO]   [71/97] [OK] Data Engineer (Salary 30M++) 5 Working Days/ Week | DATA
2026-03-29 01:49:57,498 [ERROR] Worker failed: 'description'
2026-03-29 01:50:08,462 [INFO]   [72/97] [OK] Data Engineering Lead | BACKEND
2026-03-29 01:50:09,271 [INFO]   [73/97] [OK] Nhân Viên Kỹ Thuật Phân Tích Lỗi Sản Phẩm Pe | OTHER_IT
2026-03-29 01:50:10,943 [INFO]     [SKIP] Non-IT: Business Analyst Executive (CDP/CRM & Cross-Sales)
2026-03-29 01:50:11,129 [INFO]   [75/97] [OK] Chief Data Officer (Cdo) / Director Of Data & Analytics | DATA
2026-03-29 01:50:23,423 [INFO]   [76/97] [OK] Regional Analytics Lead (Salary Upto 55 Million Vnd/month) | DATA
2026-03-29 01:50:23,890 [INFO]   [77/97] [OK] Chuyên Gia Phân Tích Dữ Liệu Khách Hàng Và Đánh Giá Hiệu Quả | DATA
2026-03-29 01:50:24,559 [ERROR] Worker failed: 'description'
2026-03-29 01:50:24,571 [INFO] [SAVE] Added 45 new IT jobs to data\vnworks_it_full.csv
2026-03-29 01:50:24,573 [INFO] --- Searching for keyword: Machine Learning ---
2026-03-29 01:50:24,573 [INFO] >> Phase 1: Collecting jobs for 'Machine Learning' (DATA)
2026-03-29 01:50:25,348 [INFO]   [78/97] [OK] Trưởng nhóm quản trị dữ liệu | DATA
2026-03-29 01:50:25,579 [INFO]   [79/97] [OK] Data Analytics & Pricing Policy Expert | DATA
2026-03-29 01:50:26,450 [ERROR] Worker failed: 'description'
2026-03-29 01:50:42,594 [INFO]   Page 1: found 50 jobs. New items: 1
2026-03-29 01:50:44,715 [INFO]   [81/97] [OK] Data Engineer | BACKEND
2026-03-29 01:50:44,919 [INFO]   [82/97] [OK] [HN] Social Media Marketer | DATA
2026-03-29 01:50:45,182 [INFO]   [83/97] [OK] Business Analyst (BA) SAP S/4HANA PP | OTHER_IT
2026-03-29 01:50:51,642 [INFO]   [84/97] [OK] Head Of Data & Analytics | DATA
2026-03-29 01:50:52,600 [INFO]   Page 2: found 45 jobs. New items: 4
2026-03-29 01:50:54,410 [INFO]   [85/97] [OK] Chuyên Viên Phân Tích Dữ Liệu Sản Xuất | BACKEND
2026-03-29 01:51:01,096 [INFO]   Page 3: found 25 jobs. New items: 10
2026-03-29 01:51:03,306 [INFO]   [86/97] [OK] Geo Data Analyst - Junior | DATA
2026-03-29 01:51:03,747 [INFO]   [87/97] [OK] Senior Data Analyst | DATA
2026-03-29 01:51:08,883 [INFO]     [SKIP] Non-IT: Tuyển Nữ - Nhân Viên Kế Toán Lương Upto 13 Triệu/tháng
2026-03-29 01:51:09,997 [INFO]   Page 4: found 25 jobs. New items: 0
2026-03-29 01:51:19,828 [INFO]   Page 5: found 25 jobs. New items: 0
2026-03-29 01:51:20,060 [INFO]     [SKIP] Non-IT: Sales Supervisor – Medical Equipment
2026-03-29 01:51:20,135 [INFO]     [SKIP] Non-IT: Kỹ Sư Trắc Đạc (Lương 20 -26 Triệu/ Tháng)
2026-03-29 01:51:20,496 [INFO]     [SKIP] Non-IT: Industrial Sales Executive (Chinese Speaking) | Hai Phong & Hai Duong
2026-03-29 01:51:21,592 [INFO]     [SKIP] Non-IT: Nhân Viên Thiết Kế Thời Trang
2026-03-29 01:51:29,895 [INFO]   Page 6: found 25 jobs. New items: 0
2026-03-29 01:51:39,819 [INFO]     [SKIP] Non-IT: Kế Toán Tổng Hợp
2026-03-29 01:51:41,272 [INFO]     [SKIP] Non-IT: Nhân Viên Kinh Doanh (Không Yêu Cầu Kinh Nghiệm)
2026-03-29 01:51:41,320 [INFO]   Page 7: found 25 jobs. New items: 0
2026-03-29 01:51:41,735 [INFO]     [SKIP] Non-IT: Tuyển Dụng Nhân Viên Kinh Doanh
2026-03-29 01:51:43,350 [INFO]     [SKIP] Non-IT: Chuyên Viên Kinh Doanh Nhựa Công Nghiệp – Lương Cứng Upto 17 Triệu + Thưởng Doanh Số, Hoa Hồng
2026-03-29 01:51:43,766 [INFO]     [SKIP] Non-IT: Kế Toán Tổng Hợp (General Accountant)
2026-03-29 01:51:43,790 [INFO] [SAVE] +81 jobs for keyword 'Data Engineer' → data\vnworks_it_full.csv
2026-03-29 01:51:45,106 [INFO]   [DATA][Machine Learning] Page 1: https://www.vietnamworks.com/viec-lam?g=5&q=Machine Learning&page=1
2026-03-29 01:51:48,238 [INFO]   Page 8: found 25 jobs. New items: 0
2026-03-29 01:51:54,797 [INFO]     50 scraped, 1 new (total collected: 1)
2026-03-29 01:51:54,797 [INFO]   [DATA][Machine Learning] Page 2: https://www.vietnamworks.com/viec-lam?g=5&q=Machine Learning&page=2
2026-03-29 01:51:54,922 [INFO]   Page 9: found 25 jobs. New items: 0
2026-03-29 01:52:01,361 [INFO]   Page 10: found 25 jobs. New items: 0
2026-03-29 01:52:01,735 [INFO]     45 scraped, 3 new (total collected: 4)
2026-03-29 01:52:01,736 [INFO]   [DATA][Machine Learning] Page 3: https://www.vietnamworks.com/viec-lam?g=5&q=Machine Learning&page=3
2026-03-29 01:52:11,354 [INFO]     25 scraped, 10 new (total collected: 14)
2026-03-29 01:52:11,431 [INFO]   [DATA][Machine Learning] Page 4: https://www.vietnamworks.com/viec-lam?g=5&q=Machine Learning&page=4
2026-03-29 01:52:22,489 [INFO]     25 scraped, 0 new (total collected: 14)
2026-03-29 01:52:22,495 [INFO]   [DATA][Machine Learning] Page 5: https://www.vietnamworks.com/viec-lam?g=5&q=Machine Learning&page=5
2026-03-29 01:52:22,683 [INFO]   [1/15] [OK] Operations Management Specialist
2026-03-29 01:52:23,271 [INFO]   [2/15] [OK] Senior AI Expert - Khối Công Nghệ Thông Tin (HO26.20)
2026-03-29 01:52:23,907 [INFO]     [SKIP] Final Filter (Non-IT): HR Data Analyst (Female)
2026-03-29 01:52:26,356 [INFO]   [4/15] [OK] Trưởng phòng Công nghệ Thị giác Máy tính - Phòng Công nghệ thị giác máy tính - Head of Computer Vision Technology Department - Khối Công nghệ thông tin (HO26.85)
2026-03-29 01:52:31,765 [INFO]     25 scraped, 0 new (total collected: 14)
2026-03-29 01:52:31,765 [INFO]   [DATA][Machine Learning] Page 6: https://www.vietnamworks.com/viec-lam?g=5&q=Machine Learning&page=6
2026-03-29 01:52:43,723 [INFO]   [5/15] [OK] AI Expert - Khối Công Nghệ Thông Tin (HO26.19)
2026-03-29 01:52:44,112 [INFO]     [SKIP] Final Filter (Non-IT): Sales Supervisor – Medical Equipment
2026-03-29 01:52:44,155 [INFO]     [SKIP] Final Filter (Non-IT): Tuyển Nữ - Nhân Viên Kế Toán Lương Upto 13 Triệu/tháng
2026-03-29 01:52:44,356 [INFO]     [SKIP] Final Filter (Non-IT): Kỹ Sư Trắc Đạc (Lương 20 -26 Triệu/ Tháng)
2026-03-29 01:52:44,596 [INFO]     25 scraped, 0 new (total collected: 14)
2026-03-29 01:52:44,598 [INFO]   [DATA][Machine Learning] Page 7: https://www.vietnamworks.com/viec-lam?g=5&q=Machine Learning&page=7
2026-03-29 01:52:46,264 [INFO]     [SKIP] Final Filter (Non-IT): Industrial Sales Executive (Chinese Speaking) | Hai Phong & Hai Duong
2026-03-29 01:52:55,775 [INFO]     25 scraped, 0 new (total collected: 14)
2026-03-29 01:52:55,784 [INFO]   [DATA][Machine Learning] Page 8: https://www.vietnamworks.com/viec-lam?g=5&q=Machine Learning&page=8
2026-03-29 01:53:05,310 [INFO]     25 scraped, 0 new (total collected: 14)
2026-03-29 01:53:05,314 [INFO]   [DATA][Machine Learning] Page 9: https://www.vietnamworks.com/viec-lam?g=5&q=Machine Learning&page=9
2026-03-29 01:53:06,217 [INFO]     [SKIP] Final Filter (Non-IT): Tuyển Dụng Nhân Viên Kinh Doanh
2026-03-29 01:53:07,189 [INFO]     [SKIP] Final Filter (Non-IT): Nhân Viên Thiết Kế Thời Trang
2026-03-29 01:53:07,390 [INFO]     [SKIP] Final Filter (Non-IT): Chuyên Viên Kinh Doanh Nhựa Công Nghiệp – Lương Cứng Upto 17 Triệu + Thưởng Doanh Số, Hoa Hồng
2026-03-29 01:53:08,187 [INFO]     [SKIP] Final Filter (Non-IT): Kế Toán Tổng Hợp
2026-03-29 01:53:12,071 [INFO]     [SKIP] Final Filter (Non-IT): Kế Toán Tổng Hợp (General Accountant)
2026-03-29 01:53:13,419 [INFO]     25 scraped, 0 new (total collected: 14)
2026-03-29 01:53:13,420 [INFO]   [DATA][Machine Learning] Page 10: https://www.vietnamworks.com/viec-lam?g=5&q=Machine Learning&page=10
2026-03-29 01:53:18,996 [INFO]     [SKIP] Final Filter (Non-IT): Nhân Viên Kinh Doanh (Không Yêu Cầu Kinh Nghiệm)
2026-03-29 01:53:19,006 [INFO] [SAVE] Added 4 new IT jobs to data\vnworks_it_full.csv
2026-03-29 01:53:19,007 [INFO] [CAT DONE] DATA: total 144 new jobs added.
2026-03-29 01:53:19,009 [INFO] 
[START] Category: MOBILE (Searching for keywords)
2026-03-29 01:53:19,012 [INFO] --- Searching for keyword: MOBILE ---
2026-03-29 01:53:19,013 [INFO] >> Phase 1: Collecting jobs for 'MOBILE' (MOBILE)
2026-03-29 01:53:20,191 [INFO]     25 scraped, 0 new (total collected: 14)
2026-03-29 01:53:22,554 [INFO]   Collected 14 URLs for 'Machine Learning'. Starting detail extraction...
2026-03-29 01:53:34,114 [INFO]   Page 1: found 14 jobs. New items: 11
2026-03-29 01:53:41,650 [INFO]   [1/14] [OK] Operations Management Specialist | OTHER_IT
2026-03-29 01:53:43,396 [INFO]   Page 2: found 25 jobs. New items: 10
2026-03-29 01:53:44,182 [INFO]     [SKIP] Non-IT: Kỹ Sư Trắc Đạc (Lương 20 -26 Triệu/ Tháng)
2026-03-29 01:53:44,346 [INFO]   [3/14] [OK] AI Expert - Khối Công Nghệ Thông Tin (HO26.19) | DATA
2026-03-29 01:53:44,422 [INFO]   [4/14] [OK] Senior AI Expert - Khối Công Nghệ Thông Tin (HO26.20) | DATA
2026-03-29 01:53:44,470 [INFO]     [SKIP] Non-IT: HR Data Analyst (Female)
2026-03-29 01:53:53,992 [INFO]   Page 3: found 25 jobs. New items: 0
2026-03-29 01:54:03,959 [INFO]   Page 4: found 25 jobs. New items: 0
2026-03-29 01:54:04,057 [INFO]     [SKIP] Non-IT: Tuyển Nữ - Nhân Viên Kế Toán Lương Upto 13 Triệu/tháng
2026-03-29 01:54:04,814 [INFO]     [SKIP] Non-IT: Industrial Sales Executive (Chinese Speaking) | Hai Phong & Hai Duong
2026-03-29 01:54:06,701 [INFO]     [SKIP] Non-IT: Kế Toán Tổng Hợp
2026-03-29 01:54:06,915 [INFO]     [SKIP] Non-IT: Sales Supervisor – Medical Equipment
2026-03-29 01:54:09,073 [INFO]     [SKIP] Non-IT: Nhân Viên Thiết Kế Thời Trang
2026-03-29 01:54:11,646 [INFO]   Page 5: found 25 jobs. New items: 0
2026-03-29 01:54:17,661 [INFO]     [SKIP] Non-IT: Tuyển Dụng Nhân Viên Kinh Doanh
2026-03-29 01:54:18,267 [INFO]     [SKIP] Non-IT: Chuyên Viên Kinh Doanh Nhựa Công Nghiệp – Lương Cứng Upto 17 Triệu + Thưởng Doanh Số, Hoa Hồng
2026-03-29 01:54:18,759 [INFO]   Page 6: found 25 jobs. New items: 0
2026-03-29 01:54:19,886 [INFO]     [SKIP] Non-IT: Kế Toán Tổng Hợp (General Accountant)
2026-03-29 01:54:25,416 [INFO]   Page 7: found 25 jobs. New items: 0
2026-03-29 01:54:29,905 [INFO]     [SKIP] Non-IT: Nhân Viên Kinh Doanh (Không Yêu Cầu Kinh Nghiệm)
2026-03-29 01:54:29,916 [INFO] [SAVE] +3 jobs for keyword 'Machine Learning' → data\vnworks_it_full.csv
2026-03-29 01:54:29,917 [INFO] 
[CAT] MOBILE: searching ['Android', 'iOS', 'Flutter']
2026-03-29 01:54:31,268 [INFO]   [MOBILE][Android] Page 1: https://www.vietnamworks.com/viec-lam?g=5&q=Android&page=1
2026-03-29 01:54:32,685 [INFO]   Page 8: found 25 jobs. New items: 0
2026-03-29 01:54:39,525 [INFO]   Page 9: found 25 jobs. New items: 0
2026-03-29 01:54:41,358 [INFO]     8 scraped, 6 new (total collected: 6)
2026-03-29 01:54:41,358 [INFO]   [MOBILE][Android] Page 2: https://www.vietnamworks.com/viec-lam?g=5&q=Android&page=2
2026-03-29 01:54:46,176 [INFO]   Page 10: found 25 jobs. New items: 0
2026-03-29 01:54:47,638 [INFO]     20 scraped, 10 new (total collected: 16)
2026-03-29 01:54:47,638 [INFO]   [MOBILE][Android] Page 3: https://www.vietnamworks.com/viec-lam?g=5&q=Android&page=3
2026-03-29 01:54:56,948 [INFO]     20 scraped, 0 new (total collected: 16)
2026-03-29 01:54:56,989 [INFO]   [MOBILE][Android] Page 4: https://www.vietnamworks.com/viec-lam?g=5&q=Android&page=4
2026-03-29 01:55:07,467 [INFO]     20 scraped, 0 new (total collected: 16)
2026-03-29 01:55:07,468 [INFO]   [MOBILE][Android] Page 5: https://www.vietnamworks.com/viec-lam?g=5&q=Android&page=5
2026-03-29 01:55:07,584 [INFO]   [1/21] [OK] iOS Developer (Mid-Level/senior)
2026-03-29 01:55:07,884 [INFO]   [2/21] [OK] Kỹ Sư Kiểm Thử
2026-03-29 01:55:08,963 [INFO]   [3/21] [OK] Digital Product Owner
2026-03-29 01:55:09,538 [INFO]   [4/21] [OK] Kỹ Sư Thiết Bị Di Động IOT - Mobile & IoT Device Solutions Engineer - Không Yêu Cầu Kinh Nghiệm
2026-03-29 01:55:09,876 [INFO]   [5/21] [OK] Wireless Engineer (High-Volume Hiring) - Upto 80M
2026-03-29 01:55:16,749 [INFO]     20 scraped, 0 new (total collected: 16)
2026-03-29 01:55:16,846 [INFO]   [MOBILE][Android] Page 6: https://www.vietnamworks.com/viec-lam?g=5&q=Android&page=6
2026-03-29 01:55:26,704 [INFO]     20 scraped, 0 new (total collected: 16)
2026-03-29 01:55:26,705 [INFO]   [MOBILE][Android] Page 7: https://www.vietnamworks.com/viec-lam?g=5&q=Android&page=7
2026-03-29 01:55:31,017 [INFO]   [6/21] [OK] Product Manager (Mobile App) – Global Football Platform
2026-03-29 01:55:31,733 [INFO]   [7/21] [OK] Product Owner (Game)
2026-03-29 01:55:32,232 [INFO]   [8/21] [OK] Chuyên Viên Phát Triển Phần Mềm (Mobile - Flutter)
2026-03-29 01:55:32,400 [INFO]   [9/21] [OK] Mobile App Developer (iOS Native)
2026-03-29 01:55:35,559 [INFO]     20 scraped, 0 new (total collected: 16)
2026-03-29 01:55:35,560 [INFO]   [MOBILE][Android] Page 8: https://www.vietnamworks.com/viec-lam?g=5&q=Android&page=8
2026-03-29 01:55:45,647 [INFO]     20 scraped, 0 new (total collected: 16)
2026-03-29 01:55:45,657 [INFO]   [MOBILE][Android] Page 9: https://www.vietnamworks.com/viec-lam?g=5&q=Android&page=9
2026-03-29 01:55:51,843 [INFO]   [10/21] [OK] Chuyên Viên Kiểm Thử Phần Mềm
2026-03-29 01:55:51,904 [INFO]     [SKIP] Final Filter (Non-IT): Kỹ Sư Trắc Đạc (Lương 20 -26 Triệu/ Tháng)
2026-03-29 01:55:52,078 [INFO]   [12/21] [OK] Trợ Lý Dự Án
2026-03-29 01:55:52,245 [INFO]     [SKIP] Final Filter (Non-IT): Tuyển Nữ - Nhân Viên Kế Toán Lương Upto 13 Triệu/tháng
2026-03-29 01:55:53,035 [INFO]     20 scraped, 0 new (total collected: 16)
2026-03-29 01:55:53,035 [INFO]   [MOBILE][Android] Page 10: https://www.vietnamworks.com/viec-lam?g=5&q=Android&page=10
2026-03-29 01:56:02,490 [INFO]     20 scraped, 0 new (total collected: 16)
2026-03-29 01:56:09,681 [INFO]   Collected 16 URLs for 'Android'. Starting detail extraction...
2026-03-29 01:56:09,866 [INFO]     [SKIP] Final Filter (Non-IT): Sales Supervisor – Medical Equipment
2026-03-29 01:56:10,055 [INFO]     [SKIP] Final Filter (Non-IT): Industrial Sales Executive (Chinese Speaking) | Hai Phong & Hai Duong
2026-03-29 01:56:10,100 [INFO]     [SKIP] Final Filter (Non-IT): Nhân Viên Thiết Kế Thời Trang
2026-03-29 01:57:13,141 [INFO]   [1/16] [OK] Android Developer, Smart POS (Fintech) | BACKEND
2026-03-29 01:57:13,141 [INFO]     [SKIP] Final Filter (Non-IT): Chuyên Viên Kinh Doanh Nhựa Công Nghiệp – Lương Cứng Upto 17 Triệu + Thưởng Doanh Số, Hoa Hồng
2026-03-29 01:57:13,297 [INFO]   [2/16] [OK] Chuyên Viên Phát Triển Phần Mềm (Mobile - Flutter) | BACKEND
2026-03-29 01:57:13,390 [INFO]     [SKIP] Final Filter (Non-IT): Kế Toán Tổng Hợp (General Accountant)
2026-03-29 01:57:13,666 [INFO]   [3/16] [OK] Senior Embedded Driver Engineer (Posix Os, Linux Kernel, Qnx) | BACKEND
2026-03-29 01:57:13,744 [INFO]   [4/16] [OK] Technical Support (Nail360 POS) | DATA
2026-03-29 01:57:13,821 [INFO]     [SKIP] Final Filter (Non-IT): Kế Toán Tổng Hợp
2026-03-29 01:57:14,065 [INFO]   [5/16] [OK] Senior Embedded Security Engineer – Linux / Android Platforms | DATA
2026-03-29 01:57:14,112 [INFO]     [SKIP] Final Filter (Non-IT): Tuyển Dụng Nhân Viên Kinh Doanh
2026-03-29 01:57:14,380 [INFO]     [SKIP] Final Filter (Non-IT): Nhân Viên Kinh Doanh (Không Yêu Cầu Kinh Nghiệm)
2026-03-29 01:57:14,410 [INFO] [SAVE] Added 11 new IT jobs to data\vnworks_it_full.csv
2026-03-29 01:57:14,416 [INFO] --- Searching for keyword: Android ---
2026-03-29 01:57:14,417 [INFO] >> Phase 1: Collecting jobs for 'Android' (MOBILE)
2026-03-29 01:57:30,754 [INFO]     [SKIP] Non-IT: Kỹ Sư Trắc Đạc (Lương 20 -26 Triệu/ Tháng)
2026-03-29 01:57:30,854 [INFO]   Page 1: found 8 jobs. New items: 5
2026-03-29 01:57:31,081 [INFO]   [7/16] [OK] Chuyên Viên Kiểm Thử Phần Mềm - Manual Tester - Khối Công Nghệ Thông Tin (HO26.69) | QA
2026-03-29 01:57:31,910 [INFO]     [SKIP] Non-IT: Industrial Sales Executive (Chinese Speaking) | Hai Phong & Hai Duong
2026-03-29 01:57:32,980 [INFO]     [SKIP] Non-IT: Tuyển Nữ - Nhân Viên Kế Toán Lương Upto 13 Triệu/tháng
2026-03-29 01:57:44,225 [INFO]   Page 2: found 20 jobs. New items: 10
2026-03-29 01:57:54,950 [INFO]     [SKIP] Non-IT: Sales Supervisor – Medical Equipment
2026-03-29 01:57:54,996 [INFO]     [SKIP] Non-IT: Kế Toán Tổng Hợp
2026-03-29 01:57:55,057 [INFO]     [SKIP] Non-IT: Nhân Viên Thiết Kế Thời Trang
2026-03-29 01:57:55,072 [INFO]   Page 3: found 20 jobs. New items: 0
2026-03-29 01:57:55,103 [INFO]     [SKIP] Non-IT: Tuyển Dụng Nhân Viên Kinh Doanh
2026-03-29 01:58:01,553 [INFO]   Page 4: found 20 jobs. New items: 0
2026-03-29 01:58:07,690 [INFO]     [SKIP] Non-IT: Kế Toán Tổng Hợp (General Accountant)
2026-03-29 01:58:07,905 [INFO]     [SKIP] Non-IT: Nhân Viên Kinh Doanh (Không Yêu Cầu Kinh Nghiệm)
2026-03-29 01:58:08,152 [INFO]   Page 5: found 20 jobs. New items: 0
2026-03-29 01:58:15,091 [INFO]   Page 6: found 20 jobs. New items: 0
2026-03-29 01:58:21,525 [INFO]   Page 7: found 20 jobs. New items: 0
2026-03-29 01:58:28,290 [INFO]   Page 8: found 20 jobs. New items: 0
2026-03-29 01:58:34,947 [INFO]   Page 9: found 20 jobs. New items: 0
2026-03-29 01:58:41,831 [INFO]   Page 10: found 20 jobs. New items: 0
2026-03-29 01:58:57,496 [INFO]   [1/15] [OK] Technical Support (Nail360 POS)
2026-03-29 01:58:57,963 [INFO]   [2/15] [OK] Chuyên Viên Kiểm Thử Phần Mềm - Manual Tester - Khối Công Nghệ Thông Tin (HO26.69)
2026-03-29 01:58:58,086 [INFO]   [3/15] [OK] Senior Embedded Driver Engineer (Posix Os, Linux Kernel, Qnx)
2026-03-29 01:58:58,314 [INFO]   [4/15] [OK] Android Developer, Smart POS (Fintech)
2026-03-29 01:58:58,505 [INFO]   [5/15] [OK] Senior Embedded Security Engineer – Linux / Android Platforms
2026-03-29 01:59:10,774 [INFO]     [SKIP] Final Filter (Non-IT): Kỹ Sư Trắc Đạc (Lương 20 -26 Triệu/ Tháng)
2026-03-29 01:59:11,214 [INFO]     [SKIP] Final Filter (Non-IT): Sales Supervisor – Medical Equipment
2026-03-29 01:59:11,460 [INFO]     [SKIP] Final Filter (Non-IT): Nhân Viên Thiết Kế Thời Trang
2026-03-29 01:59:11,799 [INFO]     [SKIP] Final Filter (Non-IT): Tuyển Nữ - Nhân Viên Kế Toán Lương Upto 13 Triệu/tháng
2026-03-29 01:59:12,141 [INFO]     [SKIP] Final Filter (Non-IT): Industrial Sales Executive (Chinese Speaking) | Hai Phong & Hai Duong
2026-03-29 01:59:28,467 [INFO]     [SKIP] Final Filter (Non-IT): Tuyển Dụng Nhân Viên Kinh Doanh
2026-03-29 01:59:29,239 [INFO]     [SKIP] Final Filter (Non-IT): Nhân Viên Kinh Doanh (Không Yêu Cầu Kinh Nghiệm)
2026-03-29 01:59:29,608 [INFO]     [SKIP] Final Filter (Non-IT): Chuyên Viên Kinh Doanh Nhựa Công Nghiệp – Lương Cứng Upto 17 Triệu + Thưởng Doanh Số, Hoa Hồng
2026-03-29 01:59:29,808 [INFO]     [SKIP] Final Filter (Non-IT): Kế Toán Tổng Hợp
2026-03-29 01:59:30,228 [INFO]     [SKIP] Final Filter (Non-IT): Kế Toán Tổng Hợp (General Accountant)
2026-03-29 01:59:30,237 [INFO] [SAVE] Added 5 new IT jobs to data\vnworks_it_full.csv
2026-03-29 01:59:30,239 [INFO] --- Searching for keyword: iOS ---
2026-03-29 01:59:30,240 [INFO] >> Phase 1: Collecting jobs for 'iOS' (MOBILE)
2026-03-29 01:59:35,190 [ERROR] Detail error https://www.vietnamworks.com/chuyen-vien-kinh-doanh-nhua-cong-nghiep-luong-cung-upto-17-trieu-thuong-doanh-so-hoa-hong-2021538-jv/: HTTPConnectionPool(host='localhost', port=60503): Read timed out. (read timeout=120)
2026-03-29 01:59:40,199 [INFO]   Page 1: found 5 jobs. New items: 1
2026-03-29 01:59:47,031 [INFO]   Page 2: found 20 jobs. New items: 10
2026-03-29 01:59:53,375 [INFO]   Page 3: found 20 jobs. New items: 0
2026-03-29 01:59:59,877 [INFO]   Page 4: found 20 jobs. New items: 0
2026-03-29 02:00:05,805 [INFO]   Page 5: found 20 jobs. New items: 0
2026-03-29 02:00:12,117 [INFO]   Page 6: found 20 jobs. New items: 0
2026-03-29 02:00:18,765 [INFO]   Page 7: found 20 jobs. New items: 0
2026-03-29 02:00:25,419 [INFO]   Page 8: found 20 jobs. New items: 0
2026-03-29 02:00:32,042 [INFO]   Page 9: found 20 jobs. New items: 0
2026-03-29 02:00:38,673 [INFO]   Page 10: found 20 jobs. New items: 0
2026-03-29 02:00:54,449 [INFO]   [1/11] [OK] Chuyên Viên Quản Lý Dự Án
2026-03-29 02:00:54,713 [INFO]     [SKIP] Final Filter (Non-IT): Tuyển Nữ - Nhân Viên Kế Toán Lương Upto 13 Triệu/tháng
2026-03-29 02:00:55,007 [INFO]     [SKIP] Final Filter (Non-IT): Industrial Sales Executive (Chinese Speaking) | Hai Phong & Hai Duong
2026-03-29 02:00:55,205 [INFO]     [SKIP] Final Filter (Non-IT): Sales Supervisor – Medical Equipment
2026-03-29 02:00:55,379 [INFO]     [SKIP] Final Filter (Non-IT): Kỹ Sư Trắc Đạc (Lương 20 -26 Triệu/ Tháng)
2026-03-29 02:01:07,982 [INFO]     [SKIP] Final Filter (Non-IT): Nhân Viên Thiết Kế Thời Trang
2026-03-29 02:01:08,297 [INFO]     [SKIP] Final Filter (Non-IT): Kế Toán Tổng Hợp
2026-03-29 02:01:08,700 [INFO]     [SKIP] Final Filter (Non-IT): Chuyên Viên Kinh Doanh Nhựa Công Nghiệp – Lương Cứng Upto 17 Triệu + Thưởng Doanh Số, Hoa Hồng
2026-03-29 02:01:08,855 [INFO]     [SKIP] Final Filter (Non-IT): Tuyển Dụng Nhân Viên Kinh Doanh
2026-03-29 02:01:09,056 [INFO]     [SKIP] Final Filter (Non-IT): Kế Toán Tổng Hợp (General Accountant)
2026-03-29 02:01:20,595 [INFO]     [SKIP] Final Filter (Non-IT): Nhân Viên Kinh Doanh (Không Yêu Cầu Kinh Nghiệm)
2026-03-29 02:01:20,606 [INFO] [SAVE] Added 1 new IT jobs to data\vnworks_it_full.csv
2026-03-29 02:01:20,613 [INFO] --- Searching for keyword: Flutter ---
2026-03-29 02:01:20,613 [INFO] >> Phase 1: Collecting jobs for 'Flutter' (MOBILE)
2026-03-29 02:01:30,663 [INFO]   Page 1: found 4 jobs. New items: 2
2026-03-29 02:01:35,228 [WARNING] Retrying (Retry(total=2, connect=None, read=None, redirect=None, status=None)) after connection broken by 'ReadTimeoutError("HTTPConnectionPool(host='localhost', port=60503): Read timed out. (read timeout=120)")': /session/723d180f1827e217aaf4472675bb0468
2026-03-29 02:01:37,533 [INFO]   Page 2: found 21 jobs. New items: 10
2026-03-29 02:01:44,315 [INFO]   Page 3: found 21 jobs. New items: 0
2026-03-29 02:01:50,867 [INFO]   Page 4: found 21 jobs. New items: 0
2026-03-29 02:01:57,394 [INFO]   Page 5: found 21 jobs. New items: 0
2026-03-29 02:02:04,007 [INFO]   Page 6: found 21 jobs. New items: 0
2026-03-29 02:02:10,285 [INFO]   Page 7: found 21 jobs. New items: 0
2026-03-29 02:02:17,095 [INFO]   Page 8: found 21 jobs. New items: 0
2026-03-29 02:02:23,573 [INFO]   Page 9: found 21 jobs. New items: 0
2026-03-29 02:02:30,472 [INFO]   Page 10: found 21 jobs. New items: 0
2026-03-29 02:02:37,631 [ERROR] Worker failed: 'description'
2026-03-29 02:02:37,669 [INFO] [SAVE] +6 jobs for keyword 'Android' → data\vnworks_it_full.csv
2026-03-29 02:02:39,561 [INFO]   [MOBILE][iOS] Page 1: https://www.vietnamworks.com/viec-lam?g=5&q=iOS&page=1
2026-03-29 02:02:46,110 [INFO]     [SKIP] Final Filter (Non-IT): Tuyển Nữ - Nhân Viên Kế Toán Lương Upto 13 Triệu/tháng
2026-03-29 02:02:46,404 [INFO]     [SKIP] Final Filter (Non-IT): Sales Supervisor – Medical Equipment
2026-03-29 02:02:47,248 [INFO]   [3/12] [OK] IT Executive
2026-03-29 02:02:47,256 [INFO]   [4/12] [OK] Kỹ Sư Giải Pháp (Network Solution Engineer)
2026-03-29 02:02:47,408 [INFO]     [SKIP] Final Filter (Non-IT): Kỹ Sư Trắc Đạc (Lương 20 -26 Triệu/ Tháng)
2026-03-29 02:02:49,007 [INFO]     6 scraped, 1 new (total collected: 1)
2026-03-29 02:02:49,012 [INFO]   [MOBILE][iOS] Page 2: https://www.vietnamworks.com/viec-lam?g=5&q=iOS&page=2
2026-03-29 02:02:56,995 [INFO]     21 scraped, 10 new (total collected: 11)
2026-03-29 02:02:56,995 [INFO]   [MOBILE][iOS] Page 3: https://www.vietnamworks.com/viec-lam?g=5&q=iOS&page=3
2026-03-29 02:02:59,016 [INFO]     [SKIP] Final Filter (Non-IT): Industrial Sales Executive (Chinese Speaking) | Hai Phong & Hai Duong
2026-03-29 02:02:59,367 [INFO]     [SKIP] Final Filter (Non-IT): Nhân Viên Thiết Kế Thời Trang
2026-03-29 02:03:01,251 [INFO]     [SKIP] Final Filter (Non-IT): Kế Toán Tổng Hợp
2026-03-29 02:03:02,967 [INFO]     21 scraped, 0 new (total collected: 11)
2026-03-29 02:03:02,967 [INFO]   [MOBILE][iOS] Page 4: https://www.vietnamworks.com/viec-lam?g=5&q=iOS&page=4
2026-03-29 02:03:03,125 [INFO]     [SKIP] Final Filter (Non-IT): Tuyển Dụng Nhân Viên Kinh Doanh
2026-03-29 02:03:04,371 [INFO]     [SKIP] Final Filter (Non-IT): Chuyên Viên Kinh Doanh Nhựa Công Nghiệp – Lương Cứng Upto 17 Triệu + Thưởng Doanh Số, Hoa Hồng
2026-03-29 02:03:08,839 [INFO]     21 scraped, 0 new (total collected: 11)
2026-03-29 02:03:08,839 [INFO]   [MOBILE][iOS] Page 5: https://www.vietnamworks.com/viec-lam?g=5&q=iOS&page=5
2026-03-29 02:03:11,712 [INFO]     [SKIP] Final Filter (Non-IT): Kế Toán Tổng Hợp (General Accountant)
2026-03-29 02:03:12,332 [INFO]     [SKIP] Final Filter (Non-IT): Nhân Viên Kinh Doanh (Không Yêu Cầu Kinh Nghiệm)
2026-03-29 02:03:12,339 [INFO] [SAVE] Added 2 new IT jobs to data\vnworks_it_full.csv
2026-03-29 02:03:12,340 [INFO] [CAT DONE] MOBILE: total 19 new jobs added.
2026-03-29 02:03:12,340 [INFO] 
[START] Category: DEVOPS (Searching for keywords)
2026-03-29 02:03:12,340 [INFO] --- Searching for keyword: DevOps ---
2026-03-29 02:03:12,340 [INFO] >> Phase 1: Collecting jobs for 'DevOps' (DEVOPS)
2026-03-29 02:03:14,855 [INFO]     21 scraped, 0 new (total collected: 11)
2026-03-29 02:03:14,855 [INFO]   [MOBILE][iOS] Page 6: https://www.vietnamworks.com/viec-lam?g=5&q=iOS&page=6
2026-03-29 02:03:20,929 [INFO]     21 scraped, 0 new (total collected: 11)
2026-03-29 02:03:20,930 [INFO]   [MOBILE][iOS] Page 7: https://www.vietnamworks.com/viec-lam?g=5&q=iOS&page=7
2026-03-29 02:03:23,963 [INFO]   Page 1: found 49 jobs. New items: 41
2026-03-29 02:03:27,102 [INFO]     21 scraped, 0 new (total collected: 11)
2026-03-29 02:03:27,102 [INFO]   [MOBILE][iOS] Page 8: https://www.vietnamworks.com/viec-lam?g=5&q=iOS&page=8
2026-03-29 02:03:31,159 [INFO]   Page 2: found 25 jobs. New items: 10
2026-03-29 02:03:33,238 [INFO]     21 scraped, 0 new (total collected: 11)
2026-03-29 02:03:33,239 [INFO]   [MOBILE][iOS] Page 9: https://www.vietnamworks.com/viec-lam?g=5&q=iOS&page=9
2026-03-29 02:03:38,017 [INFO]   Page 3: found 25 jobs. New items: 0
2026-03-29 02:03:39,345 [INFO]     21 scraped, 0 new (total collected: 11)
2026-03-29 02:03:39,345 [INFO]   [MOBILE][iOS] Page 10: https://www.vietnamworks.com/viec-lam?g=5&q=iOS&page=10
2026-03-29 02:03:44,415 [INFO]   Page 4: found 25 jobs. New items: 0
2026-03-29 02:03:45,335 [INFO]     21 scraped, 0 new (total collected: 11)
2026-03-29 02:03:47,740 [INFO]   Collected 11 URLs for 'iOS'. Starting detail extraction...
2026-03-29 02:03:51,613 [INFO]   Page 5: found 25 jobs. New items: 0
2026-03-29 02:03:59,636 [INFO]   Page 6: found 25 jobs. New items: 0
2026-03-29 02:04:08,848 [INFO]   Page 7: found 25 jobs. New items: 0
2026-03-29 02:04:11,094 [INFO]     [SKIP] Non-IT: Sales Supervisor – Medical Equipment
2026-03-29 02:04:11,170 [INFO]     [SKIP] Non-IT: Kỹ Sư Trắc Đạc (Lương 20 -26 Triệu/ Tháng)
2026-03-29 02:04:11,769 [INFO]   [3/11] [OK] Kỹ Sư Giải Pháp (Network Solution Engineer) | DATA
2026-03-29 02:04:11,783 [INFO]     [SKIP] Non-IT: Tuyển Nữ - Nhân Viên Kế Toán Lương Upto 13 Triệu/tháng
2026-03-29 02:04:12,490 [INFO]     [SKIP] Non-IT: Industrial Sales Executive (Chinese Speaking) | Hai Phong & Hai Duong
2026-03-29 02:04:19,412 [INFO]   Page 8: found 25 jobs. New items: 0
2026-03-29 02:04:30,973 [INFO]   Page 9: found 25 jobs. New items: 0
2026-03-29 02:04:31,525 [INFO]     [SKIP] Non-IT: Kế Toán Tổng Hợp
2026-03-29 02:04:33,165 [INFO]     [SKIP] Non-IT: Nhân Viên Thiết Kế Thời Trang
2026-03-29 02:04:34,473 [INFO]     [SKIP] Non-IT: Tuyển Dụng Nhân Viên Kinh Doanh
2026-03-29 02:04:36,829 [INFO]     [SKIP] Non-IT: Chuyên Viên Kinh Doanh Nhựa Công Nghiệp – Lương Cứng Upto 17 Triệu + Thưởng Doanh Số, Hoa Hồng
2026-03-29 02:04:38,907 [INFO]   Page 10: found 25 jobs. New items: 0
2026-03-29 02:04:40,366 [INFO]     [SKIP] Non-IT: Kế Toán Tổng Hợp (General Accountant)
2026-03-29 02:04:44,417 [INFO]     [SKIP] Non-IT: Nhân Viên Kinh Doanh (Không Yêu Cầu Kinh Nghiệm)
2026-03-29 02:04:44,428 [INFO] [SAVE] +1 jobs for keyword 'iOS' → data\vnworks_it_full.csv
2026-03-29 02:04:47,251 [INFO]   [MOBILE][Flutter] Page 1: https://www.vietnamworks.com/viec-lam?g=5&q=Flutter&page=1
2026-03-29 02:05:01,876 [INFO]   [1/51] [OK] Chuyên Viên Ứng Dụng (Microsoft)
2026-03-29 02:05:02,827 [INFO]   [2/51] [OK] Senior Solution Architect
2026-03-29 02:05:03,487 [INFO]     4 scraped, 0 new (total collected: 0)
2026-03-29 02:05:03,488 [INFO]   [MOBILE][Flutter] Page 2: https://www.vietnamworks.com/viec-lam?g=5&q=Flutter&page=2
2026-03-29 02:05:03,802 [INFO]   [3/51] [OK] Senior Enterprise Architect
2026-03-29 02:05:03,818 [INFO]   [4/51] [OK] Chuyên Viên Quản Trị Devops - Mã Số: Vhqt-02
2026-03-29 02:05:03,971 [INFO]   [5/51] [OK] Chuyên Viên Quản Trị Hệ Thống CNTT (Quản Trị Sysadmin) - Mã Số: Vhqt-04
2026-03-29 02:05:17,403 [INFO]     21 scraped, 10 new (total collected: 10)
2026-03-29 02:05:17,407 [INFO]   [MOBILE][Flutter] Page 3: https://www.vietnamworks.com/viec-lam?g=5&q=Flutter&page=3
2026-03-29 02:05:28,588 [INFO]     21 scraped, 0 new (total collected: 10)
2026-03-29 02:05:28,588 [INFO]   [MOBILE][Flutter] Page 4: https://www.vietnamworks.com/viec-lam?g=5&q=Flutter&page=4
2026-03-29 02:05:28,723 [INFO]     [SKIP] Final Filter (Non-IT): Pre-Sales Engineer (Networking)
2026-03-29 02:05:28,942 [INFO]   [7/51] [OK] The Smart City & ICT Systems Integration Engineer
2026-03-29 02:05:29,077 [INFO]   [8/51] [OK] IT Infrastructure Engineer
2026-03-29 02:05:29,232 [INFO]     [SKIP] Final Filter (Non-IT): Chuyên Viên Tư Vấn Giải Pháp Hạ Tầng CNTT (Presales) – Level 1 / 2 / 3
2026-03-29 02:05:38,370 [INFO]     21 scraped, 0 new (total collected: 10)
2026-03-29 02:05:38,377 [INFO]   [MOBILE][Flutter] Page 5: https://www.vietnamworks.com/viec-lam?g=5&q=Flutter&page=5
2026-03-29 02:05:45,889 [INFO]   [10/51] [OK] Senior Application And Data Security Officer
2026-03-29 02:05:47,525 [INFO]     21 scraped, 0 new (total collected: 10)
2026-03-29 02:05:47,525 [INFO]   [MOBILE][Flutter] Page 6: https://www.vietnamworks.com/viec-lam?g=5&q=Flutter&page=6
2026-03-29 02:05:47,883 [INFO]   [11/51] [OK] Chuyên Viên Phân Tích An Ninh Thông Tin, Quản Trị Viên CNTT/ 情報セキュリティアナリスト Ictアドミニストレーター
2026-03-29 02:05:48,383 [INFO]   [12/51] [OK] Kỹ Sư Giải Pháp (Network Solution Engineer)
2026-03-29 02:05:49,402 [INFO]   [13/51] [OK] Chuyên Viên Hạ Tầng Công Nghệ Thông Tin
2026-03-29 02:05:56,111 [INFO]     21 scraped, 0 new (total collected: 10)
2026-03-29 02:05:56,133 [INFO]   [MOBILE][Flutter] Page 7: https://www.vietnamworks.com/viec-lam?g=5&q=Flutter&page=7
2026-03-29 02:05:56,890 [INFO]   [14/51] [OK] Kỹ Sư Triển Khai Hệ Thống
2026-03-29 02:06:05,811 [INFO]     21 scraped, 0 new (total collected: 10)
2026-03-29 02:06:05,812 [INFO]   [MOBILE][Flutter] Page 8: https://www.vietnamworks.com/viec-lam?g=5&q=Flutter&page=8
2026-03-29 02:06:07,315 [INFO]   [15/51] [OK] Cyber Security Engineer
2026-03-29 02:06:07,797 [INFO]   [16/51] [OK] Kỹ Sư DevOps
2026-03-29 02:06:08,461 [INFO]   [17/51] [OK] Infra Network Administrator
2026-03-29 02:06:08,898 [INFO]   [18/51] [OK] IT B2B Senior Sales Executive
2026-03-29 02:06:13,248 [INFO]     21 scraped, 0 new (total collected: 10)
2026-03-29 02:06:13,291 [INFO]   [MOBILE][Flutter] Page 9: https://www.vietnamworks.com/viec-lam?g=5&q=Flutter&page=9
2026-03-29 02:06:23,753 [INFO]     21 scraped, 0 new (total collected: 10)
2026-03-29 02:06:23,753 [INFO]   [MOBILE][Flutter] Page 10: https://www.vietnamworks.com/viec-lam?g=5&q=Flutter&page=10
2026-03-29 02:06:24,955 [INFO]   [19/51] [OK] Senior Cloud Engineer
2026-03-29 02:06:25,340 [INFO]   [20/51] [OK] Giám Đốc Sản Phẩm (Product Director)
2026-03-29 02:06:25,689 [INFO]   [21/51] [OK] IT Infrastructure Engineer (Network)
2026-03-29 02:06:26,855 [INFO]   [22/51] [OK] Senior DevOps Engineer
2026-03-29 02:06:27,246 [INFO]   [23/51] [OK] IT System Engineer / Infrastructure Engineer
2026-03-29 02:06:31,658 [INFO]     21 scraped, 0 new (total collected: 10)
2026-03-29 02:06:44,147 [INFO]   [24/51] [OK] PHP / Middle Laravel Engineer
2026-03-29 02:06:44,776 [INFO]   [25/51] [OK] Chuyên Viên Quản Trị Mạng Kết Nối (All Level) - Network Administrator - Khối Công Nghệ Thông Tin (HO26.62)
2026-03-29 02:06:44,883 [INFO]   Collected 10 URLs for 'Flutter'. Starting detail extraction...
2026-03-29 02:06:45,042 [INFO]   [26/51] [OK] Chuyên Viên Quản Lý Hạ Tầng Trung Tâm Dữ Liệu - IT Infrastructure Management - Khối Công Nghệ Thông Tin (HO26.61)
2026-03-29 02:06:46,279 [INFO]   [27/51] [OK] [Internship Program] DevOps Intern
2026-03-29 02:07:39,564 [INFO]     [SKIP] Non-IT: Nhân Viên Thiết Kế Thời Trang
2026-03-29 02:07:39,627 [INFO]     [SKIP] Final Filter (Non-IT): Kỹ Sư Hạ Tầng CNTT (Định Hướng Presales)
2026-03-29 02:07:39,780 [INFO]     [SKIP] Non-IT: Tuyển Nữ - Nhân Viên Kế Toán Lương Upto 13 Triệu/tháng
2026-03-29 02:07:40,131 [INFO]   [29/51] [OK] Nhân Viên MES (IT)
2026-03-29 02:07:40,147 [INFO]   [30/51] [OK] Devops Engineer
2026-03-29 02:07:40,193 [INFO]   [31/51] [OK] Senior Consultant | Cloud & IT Infrastructure in HCMC Office
2026-03-29 02:07:40,471 [INFO]     [SKIP] Non-IT: Sales Supervisor – Medical Equipment
2026-03-29 02:07:40,475 [INFO]     [SKIP] Non-IT: Industrial Sales Executive (Chinese Speaking) | Hai Phong & Hai Duong
2026-03-29 02:08:06,550 [ERROR] Detail error https://www.vietnamworks.com/ky-su-trac-dac-luong-20-26-trieu-thang-2016768-jv/: Message: 

2026-03-29 02:08:13,443 [INFO]   [32/51] [OK] [Hà Nội] Vận Hành Hạ Tầng
2026-03-29 02:08:13,845 [INFO]     [SKIP] Non-IT: Tuyển Dụng Nhân Viên Kinh Doanh
2026-03-29 02:08:14,141 [ERROR] Worker failed: 'description'
2026-03-29 02:08:14,196 [INFO]   [33/51] [OK] System Administrator
2026-03-29 02:08:14,352 [INFO]   [34/51] [OK] System Administration Supervisor
2026-03-29 02:08:14,506 [INFO]     [SKIP] Non-IT: Kế Toán Tổng Hợp
2026-03-29 02:08:15,141 [INFO]     [SKIP] Non-IT: Chuyên Viên Kinh Doanh Nhựa Công Nghiệp – Lương Cứng Upto 17 Triệu + Thưởng Doanh Số, Hoa Hồng
2026-03-29 02:08:15,394 [INFO]   [35/51] [OK] Kỹ Sư AV / ELV (System Integration Engineer)
2026-03-29 02:08:32,045 [INFO]   [36/51] [OK] Chuyên Viên Cấp Cao Vận Hành Hệ Thống
2026-03-29 02:08:32,093 [INFO]     [SKIP] Non-IT: Nhân Viên Kinh Doanh (Không Yêu Cầu Kinh Nghiệm)
2026-03-29 02:08:32,449 [INFO]   [37/51] [OK] Chuyên Viên System Network
2026-03-29 02:08:32,676 [INFO]   [38/51] [OK] Supervisor IT
2026-03-29 02:08:38,291 [INFO]   [39/51] [OK] Application Support Team Head
2026-03-29 02:08:46,479 [INFO]   [40/51] [OK] IT Operations & Support Lead (1-Year Contractor)
2026-03-29 02:08:47,482 [INFO]     [SKIP] Final Filter (Non-IT): Kỹ Sư Trắc Đạc (Lương 20 -26 Triệu/ Tháng)
2026-03-29 02:08:47,728 [INFO]     [SKIP] Final Filter (Non-IT): Tuyển Nữ - Nhân Viên Kế Toán Lương Upto 13 Triệu/tháng
2026-03-29 02:08:50,300 [ERROR] Detail error https://www.vietnamworks.com/cloud-engineer--2021947-jv: HTTPConnectionPool(host='localhost', port=51152): Read timed out. (read timeout=120)
2026-03-29 02:08:51,954 [INFO]     [SKIP] Final Filter (Non-IT): Sales Supervisor – Medical Equipment
2026-03-29 02:09:00,189 [INFO]     [SKIP] Final Filter (Non-IT): Industrial Sales Executive (Chinese Speaking) | Hai Phong & Hai Duong
2026-03-29 02:09:01,701 [INFO]     [SKIP] Final Filter (Non-IT): Nhân Viên Thiết Kế Thời Trang
2026-03-29 02:09:01,920 [INFO]     [SKIP] Final Filter (Non-IT): Kế Toán Tổng Hợp
2026-03-29 02:09:04,636 [INFO]     [SKIP] Final Filter (Non-IT): Tuyển Dụng Nhân Viên Kinh Doanh
2026-03-29 02:09:13,535 [INFO]     [SKIP] Final Filter (Non-IT): Chuyên Viên Kinh Doanh Nhựa Công Nghiệp – Lương Cứng Upto 17 Triệu + Thưởng Doanh Số, Hoa Hồng
2026-03-29 02:09:14,781 [INFO]     [SKIP] Final Filter (Non-IT): Kế Toán Tổng Hợp (General Accountant)
2026-03-29 02:09:15,883 [INFO]     [SKIP] Final Filter (Non-IT): Nhân Viên Kinh Doanh (Không Yêu Cầu Kinh Nghiệm)
2026-03-29 02:09:43,934 [ERROR] Detail error https://www.vietnamworks.com/ke-toan-tong-hop-general-accountant--2025966-jv/: HTTPConnectionPool(host='localhost', port=64511): Read timed out. (read timeout=120)
2026-03-29 02:10:50,315 [WARNING] Retrying (Retry(total=2, connect=None, read=None, redirect=None, status=None)) after connection broken by 'ReadTimeoutError("HTTPConnectionPool(host='localhost', port=51152): Read timed out. (read timeout=120)")': /session/846ba114456f0907b54638b645d86856
2026-03-29 02:11:43,965 [WARNING] Retrying (Retry(total=2, connect=None, read=None, redirect=None, status=None)) after connection broken by 'ReadTimeoutError("HTTPConnectionPool(host='localhost', port=64511): Read timed out. (read timeout=120)")': /session/70f590c3462f955c0f1e7165fb705447
2026-03-29 02:11:52,787 [ERROR] Worker failed: 'description'
2026-03-29 02:11:52,812 [INFO] [SAVE] Added 37 new IT jobs to data\vnworks_it_full.csv
2026-03-29 02:11:52,822 [INFO] --- Searching for keyword: Cloud ---
2026-03-29 02:11:52,824 [INFO] >> Phase 1: Collecting jobs for 'Cloud' (DEVOPS)
2026-03-29 02:12:04,387 [INFO]   Page 1: found 50 jobs. New items: 12
2026-03-29 02:12:12,392 [INFO]   Page 2: found 34 jobs. New items: 7
2026-03-29 02:12:19,695 [INFO]   Page 3: found 25 jobs. New items: 10
2026-03-29 02:12:26,818 [INFO]   Page 4: found 25 jobs. New items: 0
2026-03-29 02:12:33,907 [INFO]   Page 5: found 25 jobs. New items: 0
2026-03-29 02:12:40,928 [INFO]   Page 6: found 25 jobs. New items: 0
2026-03-29 02:12:46,426 [ERROR] Worker failed: 'description'
2026-03-29 02:12:46,428 [INFO] 
[CAT] DEVOPS: searching ['DevOps', 'Cloud', 'AWS']
2026-03-29 02:12:47,650 [INFO]   Page 7: found 25 jobs. New items: 0
2026-03-29 02:12:47,779 [INFO]   [DEVOPS][DevOps] Page 1: https://www.vietnamworks.com/viec-lam?g=5&q=DevOps&page=1
2026-03-29 02:12:54,297 [INFO]   Page 8: found 25 jobs. New items: 0
2026-03-29 02:12:57,491 [INFO]     49 scraped, 4 new (total collected: 4)
2026-03-29 02:12:57,493 [INFO]   [DEVOPS][DevOps] Page 2: https://www.vietnamworks.com/viec-lam?g=5&q=DevOps&page=2
2026-03-29 02:13:01,158 [INFO]   Page 9: found 25 jobs. New items: 0
2026-03-29 02:13:06,894 [INFO]     25 scraped, 10 new (total collected: 14)
2026-03-29 02:13:06,895 [INFO]   [DEVOPS][DevOps] Page 3: https://www.vietnamworks.com/viec-lam?g=5&q=DevOps&page=3
2026-03-29 02:13:07,802 [INFO]   Page 10: found 25 jobs. New items: 0
2026-03-29 02:13:13,461 [INFO]     25 scraped, 0 new (total collected: 14)
2026-03-29 02:13:13,462 [INFO]   [DEVOPS][DevOps] Page 4: https://www.vietnamworks.com/viec-lam?g=5&q=DevOps&page=4
2026-03-29 02:13:21,279 [INFO]     25 scraped, 0 new (total collected: 14)
2026-03-29 02:13:21,280 [INFO]   [DEVOPS][DevOps] Page 5: https://www.vietnamworks.com/viec-lam?g=5&q=DevOps&page=5
2026-03-29 02:13:23,396 [INFO]   [1/29] [OK] Chuyên Viên Kiến Trúc Giải Pháp (Solution Architect) - Mã Số: Ptud-04
2026-03-29 02:13:24,011 [INFO]   [2/29] [OK] Chuyên viên cao cấp Bảo mật dữ liệu - Khối Dữ liệu - Senior Data Security - Data Division - Khối Dữ liệu (HO26.72)
2026-03-29 02:13:24,326 [INFO]   [3/29] [OK] Core Network Engineer (Isp/dc) – Ip/mpls | Lương Upto 35Tr
2026-03-29 02:13:24,537 [INFO]     [SKIP] Final Filter (Non-IT): Chuyên Viên Tư Vấn Giải Pháp Hạ Tầng CNTT (Presales) – Level 1 / 2 / 3
2026-03-29 02:13:25,102 [INFO]   [5/29] [OK] Chuyên Viên Đảm Bảo An Toàn Thông Tin Mạng (Cyber Security Engineer) - Mã Số: Anbm-01
2026-03-29 02:13:27,749 [INFO]     25 scraped, 0 new (total collected: 14)
2026-03-29 02:13:27,755 [INFO]   [DEVOPS][DevOps] Page 6: https://www.vietnamworks.com/viec-lam?g=5&q=DevOps&page=6
2026-03-29 02:13:35,848 [INFO]     25 scraped, 0 new (total collected: 14)
2026-03-29 02:13:35,850 [INFO]   [DEVOPS][DevOps] Page 7: https://www.vietnamworks.com/viec-lam?g=5&q=DevOps&page=7
2026-03-29 02:13:36,893 [INFO]     [SKIP] Final Filter (Non-IT): Pre-Sales Engineer (Networking)
2026-03-29 02:13:37,204 [INFO]   [7/29] [OK] Kỹ Sư Triển Khai
2026-03-29 02:13:38,505 [INFO]   [8/29] [OK] Chuyên Viên IoT (IoT Platform & Digital Twin)
2026-03-29 02:13:38,886 [INFO]   [9/29] [OK] IT Lead (Fluent in English, Upto 2500 USD)
2026-03-29 02:13:40,703 [INFO]   [10/29] [OK] QA Engineer
2026-03-29 02:13:42,782 [INFO]     25 scraped, 0 new (total collected: 14)
2026-03-29 02:13:42,794 [INFO]   [DEVOPS][DevOps] Page 8: https://www.vietnamworks.com/viec-lam?g=5&q=DevOps&page=8
2026-03-29 02:13:50,275 [INFO]     25 scraped, 0 new (total collected: 14)
2026-03-29 02:13:50,279 [INFO]   [DEVOPS][DevOps] Page 9: https://www.vietnamworks.com/viec-lam?g=5&q=DevOps&page=9
2026-03-29 02:13:50,485 [INFO]   [11/29] [OK] Chuyên Viên Cao Cấp Bảo Mật Dữ Liệu - Khối Dữ Liệu - Senior Data Security - Data Division - Khối Dữ Liệu (HO26.25)
2026-03-29 02:13:50,811 [INFO]   [12/29] [OK] Group Head of IT & Security
2026-03-29 02:13:52,055 [INFO]   [13/29] [OK] [Hà Nội] Kiến Trúc Sư Giải Pháp (SA)
2026-03-29 02:13:52,768 [INFO]   [14/29] [OK] SAP Systems Analyst
2026-03-29 02:13:55,315 [INFO]     [SKIP] Final Filter (Non-IT): Kỹ Sư Hạ Tầng CNTT (Định Hướng Presales)
2026-03-29 02:13:57,618 [INFO]     25 scraped, 0 new (total collected: 14)
2026-03-29 02:13:57,618 [INFO]   [DEVOPS][DevOps] Page 10: https://www.vietnamworks.com/viec-lam?g=5&q=DevOps&page=10
2026-03-29 02:14:03,551 [INFO]   [16/29] [OK] Cloud Engineer
2026-03-29 02:14:04,002 [INFO]   [17/29] [OK] Senior Consultant | Cloud & IT Infrastructure in Hanoi Office
2026-03-29 02:14:04,904 [INFO]     25 scraped, 0 new (total collected: 14)
2026-03-29 02:14:05,222 [INFO]     [SKIP] Final Filter (Non-IT): Nhân Viên Thiết Kế - Phòng Marketing
2026-03-29 02:14:06,951 [INFO]   [19/29] [OK] Senior IT Product & Service Manager - Business Workflow Platform (1-Year Contractor)
2026-03-29 02:14:07,868 [INFO]   Collected 14 URLs for 'DevOps'. Starting detail extraction...
2026-03-29 02:14:09,528 [INFO]     [SKIP] Final Filter (Non-IT): Kỹ Sư Trắc Đạc (Lương 20 -26 Triệu/ Tháng)
2026-03-29 02:14:27,331 [INFO]     [SKIP] Final Filter (Non-IT): Nhân Viên Thiết Kế Thời Trang
2026-03-29 02:14:27,409 [INFO]     [SKIP] Final Filter (Non-IT): Industrial Sales Executive (Chinese Speaking) | Hai Phong & Hai Duong
2026-03-29 02:14:27,502 [INFO]     [SKIP] Non-IT: Pre-Sales Engineer (Networking)
2026-03-29 02:14:27,732 [INFO]     [SKIP] Final Filter (Non-IT): Tuyển Nữ - Nhân Viên Kế Toán Lương Upto 13 Triệu/tháng
2026-03-29 02:14:27,793 [INFO]     [SKIP] Final Filter (Non-IT): Sales Supervisor – Medical Equipment
2026-03-29 02:14:28,005 [INFO]     [SKIP] Non-IT: Kỹ Sư Hạ Tầng CNTT (Định Hướng Presales)
2026-03-29 02:14:28,035 [INFO]     [SKIP] Non-IT: Chuyên Viên Tư Vấn Giải Pháp Hạ Tầng CNTT (Presales) – Level 1 / 2 / 3
2026-03-29 02:14:28,169 [INFO]     [SKIP] Non-IT: Kỹ Sư Trắc Đạc (Lương 20 -26 Triệu/ Tháng)
2026-03-29 02:14:28,331 [INFO]   [5/14] [OK] Cloud Engineer | DATA
2026-03-29 02:14:46,806 [INFO]     [SKIP] Final Filter (Non-IT): Tuyển Dụng Nhân Viên Kinh Doanh
2026-03-29 02:14:47,974 [INFO]     [SKIP] Final Filter (Non-IT): Kế Toán Tổng Hợp
2026-03-29 02:14:48,262 [INFO]     [SKIP] Non-IT: Industrial Sales Executive (Chinese Speaking) | Hai Phong & Hai Duong
2026-03-29 02:14:48,961 [INFO]     [SKIP] Non-IT: Nhân Viên Thiết Kế Thời Trang
2026-03-29 02:14:50,520 [INFO]     [SKIP] Final Filter (Non-IT): Kế Toán Tổng Hợp (General Accountant)
2026-03-29 02:14:50,984 [INFO]     [SKIP] Non-IT: Sales Supervisor – Medical Equipment
2026-03-29 02:14:51,393 [INFO]     [SKIP] Non-IT: Tuyển Nữ - Nhân Viên Kế Toán Lương Upto 13 Triệu/tháng
2026-03-29 02:15:13,746 [INFO]     [SKIP] Non-IT: Tuyển Dụng Nhân Viên Kinh Doanh
2026-03-29 02:15:13,800 [INFO]     [SKIP] Final Filter (Non-IT): Nhân Viên Kinh Doanh (Không Yêu Cầu Kinh Nghiệm)
2026-03-29 02:15:13,801 [INFO]     [SKIP] Final Filter (Non-IT): Chuyên Viên Kinh Doanh Nhựa Công Nghiệp – Lương Cứng Upto 17 Triệu + Thưởng Doanh Số, Hoa Hồng
2026-03-29 02:15:13,817 [INFO] [SAVE] Added 15 new IT jobs to data\vnworks_it_full.csv
2026-03-29 02:15:13,820 [INFO] --- Searching for keyword: AWS ---
2026-03-29 02:15:13,821 [INFO] >> Phase 1: Collecting jobs for 'AWS' (DEVOPS)
2026-03-29 02:15:13,845 [INFO]     [SKIP] Non-IT: Kế Toán Tổng Hợp (General Accountant)
2026-03-29 02:15:14,118 [INFO]     [SKIP] Non-IT: Chuyên Viên Kinh Doanh Nhựa Công Nghiệp – Lương Cứng Upto 17 Triệu + Thưởng Doanh Số, Hoa Hồng
2026-03-29 02:15:14,197 [INFO]     [SKIP] Non-IT: Kế Toán Tổng Hợp
2026-03-29 02:15:19,148 [INFO]     [SKIP] Non-IT: Nhân Viên Kinh Doanh (Không Yêu Cầu Kinh Nghiệm)
2026-03-29 02:15:19,156 [INFO] [SAVE] +1 jobs for keyword 'DevOps' → data\vnworks_it_full.csv
2026-03-29 02:15:20,512 [INFO]   [DEVOPS][Cloud] Page 1: https://www.vietnamworks.com/viec-lam?g=5&q=Cloud&page=1
2026-03-29 02:15:24,442 [INFO]   Page 1: found 15 jobs. New items: 3
2026-03-29 02:15:31,516 [INFO]     50 scraped, 2 new (total collected: 2)
2026-03-29 02:15:31,517 [INFO]   [DEVOPS][Cloud] Page 2: https://www.vietnamworks.com/viec-lam?g=5&q=Cloud&page=2
2026-03-29 02:15:31,761 [INFO]   Page 2: found 21 jobs. New items: 10
2026-03-29 02:15:37,871 [INFO]   Page 3: found 21 jobs. New items: 0
2026-03-29 02:15:39,144 [INFO]     34 scraped, 2 new (total collected: 4)
2026-03-29 02:15:39,144 [INFO]   [DEVOPS][Cloud] Page 3: https://www.vietnamworks.com/viec-lam?g=5&q=Cloud&page=3
2026-03-29 02:15:44,137 [INFO]   Page 4: found 21 jobs. New items: 0
2026-03-29 02:15:45,709 [INFO]     25 scraped, 10 new (total collected: 14)
2026-03-29 02:15:45,709 [INFO]   [DEVOPS][Cloud] Page 4: https://www.vietnamworks.com/viec-lam?g=5&q=Cloud&page=4
2026-03-29 02:15:50,344 [INFO]   Page 5: found 21 jobs. New items: 0
2026-03-29 02:15:52,690 [INFO]     25 scraped, 0 new (total collected: 14)
2026-03-29 02:15:52,690 [INFO]   [DEVOPS][Cloud] Page 5: https://www.vietnamworks.com/viec-lam?g=5&q=Cloud&page=5
2026-03-29 02:15:57,299 [INFO]   Page 6: found 21 jobs. New items: 0
2026-03-29 02:15:59,554 [INFO]     25 scraped, 0 new (total collected: 14)
2026-03-29 02:15:59,556 [INFO]   [DEVOPS][Cloud] Page 6: https://www.vietnamworks.com/viec-lam?g=5&q=Cloud&page=6
2026-03-29 02:16:03,402 [INFO]   Page 7: found 21 jobs. New items: 0
2026-03-29 02:16:06,280 [INFO]     25 scraped, 0 new (total collected: 14)
2026-03-29 02:16:06,281 [INFO]   [DEVOPS][Cloud] Page 7: https://www.vietnamworks.com/viec-lam?g=5&q=Cloud&page=7
2026-03-29 02:16:09,938 [INFO]   Page 8: found 21 jobs. New items: 0
2026-03-29 02:16:13,148 [INFO]     25 scraped, 0 new (total collected: 14)
2026-03-29 02:16:13,149 [INFO]   [DEVOPS][Cloud] Page 8: https://www.vietnamworks.com/viec-lam?g=5&q=Cloud&page=8
2026-03-29 02:16:16,364 [INFO]   Page 9: found 21 jobs. New items: 0
2026-03-29 02:16:20,087 [INFO]     25 scraped, 0 new (total collected: 14)
2026-03-29 02:16:20,088 [INFO]   [DEVOPS][Cloud] Page 9: https://www.vietnamworks.com/viec-lam?g=5&q=Cloud&page=9
2026-03-29 02:16:22,722 [INFO]   Page 10: found 21 jobs. New items: 0
2026-03-29 02:16:26,857 [INFO]     25 scraped, 0 new (total collected: 14)
2026-03-29 02:16:26,858 [INFO]   [DEVOPS][Cloud] Page 10: https://www.vietnamworks.com/viec-lam?g=5&q=Cloud&page=10
2026-03-29 02:16:35,666 [INFO]     25 scraped, 0 new (total collected: 14)
2026-03-29 02:16:39,060 [INFO]   Collected 14 URLs for 'Cloud'. Starting detail extraction...
2026-03-29 02:16:41,431 [INFO]   [1/13] [OK] Senior Security Engineer (Secops)
2026-03-29 02:16:41,865 [INFO]   [2/13] [OK] Python Developer
2026-03-29 02:16:42,416 [INFO]     [SKIP] Final Filter (Non-IT): Tuyển Nữ - Nhân Viên Kế Toán Lương Upto 13 Triệu/tháng
2026-03-29 02:17:18,933 [INFO]     [SKIP] Non-IT: Chuyên Viên Tư Vấn Giải Pháp Hạ Tầng CNTT (Presales) – Level 1 / 2 / 3
2026-03-29 02:17:18,995 [INFO]   [4/13] [OK] Solutions Architect ( Banking / Finance )
2026-03-29 02:17:19,121 [INFO]     [SKIP] Final Filter (Non-IT): Nhân Viên Thiết Kế Thời Trang
2026-03-29 02:17:19,463 [INFO]     [SKIP] Non-IT: Nhân Viên Thiết Kế - Phòng Marketing
2026-03-29 02:17:19,526 [INFO]     [SKIP] Non-IT: Kỹ Sư Trắc Đạc (Lương 20 -26 Triệu/ Tháng)
2026-03-29 02:17:19,558 [INFO]     [SKIP] Final Filter (Non-IT): Kỹ Sư Trắc Đạc (Lương 20 -26 Triệu/ Tháng)
2026-03-29 02:17:19,721 [INFO]     [SKIP] Non-IT: Kỹ Sư Hạ Tầng CNTT (Định Hướng Presales)
2026-03-29 02:17:19,807 [INFO]     [SKIP] Non-IT: Pre-Sales Engineer (Networking)
2026-03-29 02:18:01,042 [INFO]     [SKIP] Final Filter (Non-IT): Tuyển Dụng Nhân Viên Kinh Doanh
2026-03-29 02:18:06,424 [INFO]     [SKIP] Final Filter (Non-IT): Chuyên Viên Kinh Doanh Nhựa Công Nghiệp – Lương Cứng Upto 17 Triệu + Thưởng Doanh Số, Hoa Hồng
2026-03-29 02:18:06,471 [INFO]     [SKIP] Final Filter (Non-IT): Kế Toán Tổng Hợp
2026-03-29 02:18:06,534 [INFO]     [SKIP] Non-IT: Tuyển Nữ - Nhân Viên Kế Toán Lương Upto 13 Triệu/tháng
2026-03-29 02:18:06,671 [INFO]     [SKIP] Non-IT: Industrial Sales Executive (Chinese Speaking) | Hai Phong & Hai Duong
2026-03-29 02:18:06,795 [INFO]     [SKIP] Non-IT: Nhân Viên Thiết Kế Thời Trang
2026-03-29 02:18:07,043 [INFO]     [SKIP] Non-IT: Kế Toán Tổng Hợp
2026-03-29 02:18:07,457 [INFO]     [SKIP] Non-IT: Sales Supervisor – Medical Equipment
2026-03-29 02:18:33,306 [INFO]     [SKIP] Non-IT: Tuyển Dụng Nhân Viên Kinh Doanh
2026-03-29 02:18:33,417 [INFO]     [SKIP] Final Filter (Non-IT): Nhân Viên Kinh Doanh (Không Yêu Cầu Kinh Nghiệm)
2026-03-29 02:18:33,479 [INFO]     [SKIP] Final Filter (Non-IT): Kế Toán Tổng Hợp (General Accountant)
2026-03-29 02:18:33,682 [INFO]     [SKIP] Non-IT: Nhân Viên Kinh Doanh (Không Yêu Cầu Kinh Nghiệm)
2026-03-29 02:18:33,898 [INFO]     [SKIP] Non-IT: Chuyên Viên Kinh Doanh Nhựa Công Nghiệp – Lương Cứng Upto 17 Triệu + Thưởng Doanh Số, Hoa Hồng
2026-03-29 02:18:35,733 [INFO]     [SKIP] Non-IT: Kế Toán Tổng Hợp (General Accountant)
2026-03-29 02:18:37,093 [INFO]   [DEVOPS][AWS] Page 1: https://www.vietnamworks.com/viec-lam?g=5&q=AWS&page=1
2026-03-29 02:18:44,390 [ERROR] Detail error https://www.vietnamworks.com/sales-supervisor-medical-equipment-2017361-jv/: HTTPConnectionPool(host='localhost', port=55859): Read timed out. (read timeout=120)
2026-03-29 02:18:44,390 [ERROR] Detail error https://www.vietnamworks.com/industrial-sales-executive-chinese-speaking-or-hai-phong-and-hai-duong-2018942-jv/: HTTPConnectionPool(host='localhost', port=65051): Read timed out. (read timeout=120)
2026-03-29 02:18:46,073 [INFO]     15 scraped, 3 new (total collected: 3)
2026-03-29 02:18:46,077 [INFO]   [DEVOPS][AWS] Page 2: https://www.vietnamworks.com/viec-lam?g=5&q=AWS&page=2
2026-03-29 02:18:52,946 [INFO]     21 scraped, 10 new (total collected: 13)
2026-03-29 02:18:52,946 [INFO]   [DEVOPS][AWS] Page 3: https://www.vietnamworks.com/viec-lam?g=5&q=AWS&page=3
2026-03-29 02:18:59,535 [INFO]     21 scraped, 0 new (total collected: 13)
2026-03-29 02:18:59,538 [INFO]   [DEVOPS][AWS] Page 4: https://www.vietnamworks.com/viec-lam?g=5&q=AWS&page=4
2026-03-29 02:19:05,986 [INFO]     21 scraped, 0 new (total collected: 13)
2026-03-29 02:19:05,987 [INFO]   [DEVOPS][AWS] Page 5: https://www.vietnamworks.com/viec-lam?g=5&q=AWS&page=5
2026-03-29 02:19:12,555 [INFO]     21 scraped, 0 new (total collected: 13)
2026-03-29 02:19:12,556 [INFO]   [DEVOPS][AWS] Page 6: https://www.vietnamworks.com/viec-lam?g=5&q=AWS&page=6
2026-03-29 02:19:19,109 [INFO]     21 scraped, 0 new (total collected: 13)
2026-03-29 02:19:19,109 [INFO]   [DEVOPS][AWS] Page 7: https://www.vietnamworks.com/viec-lam?g=5&q=AWS&page=7
2026-03-29 02:19:25,695 [INFO]     21 scraped, 0 new (total collected: 13)
2026-03-29 02:19:25,695 [INFO]   [DEVOPS][AWS] Page 8: https://www.vietnamworks.com/viec-lam?g=5&q=AWS&page=8
2026-03-29 02:19:32,266 [INFO]     21 scraped, 0 new (total collected: 13)
2026-03-29 02:19:32,267 [INFO]   [DEVOPS][AWS] Page 9: https://www.vietnamworks.com/viec-lam?g=5&q=AWS&page=9
2026-03-29 02:19:39,062 [INFO]     21 scraped, 0 new (total collected: 13)
2026-03-29 02:19:39,063 [INFO]   [DEVOPS][AWS] Page 10: https://www.vietnamworks.com/viec-lam?g=5&q=AWS&page=10
2026-03-29 02:19:44,981 [INFO]     21 scraped, 0 new (total collected: 13)
2026-03-29 02:19:47,380 [INFO]   Collected 13 URLs for 'AWS'. Starting detail extraction...
2026-03-29 02:20:01,200 [INFO]   [1/13] [OK] Solutions Architect ( Banking / Finance ) | DATA
2026-03-29 02:20:01,469 [INFO]   [2/13] [OK] Senior Security Engineer (Secops) | DATA
2026-03-29 02:20:01,763 [INFO]     [SKIP] Non-IT: Tuyển Nữ - Nhân Viên Kế Toán Lương Upto 13 Triệu/tháng
2026-03-29 02:20:02,092 [INFO]   [4/13] [OK] Python Developer | BACKEND
2026-03-29 02:20:02,219 [INFO]     [SKIP] Non-IT: Kỹ Sư Trắc Đạc (Lương 20 -26 Triệu/ Tháng)
2026-03-29 02:20:14,455 [INFO]     [SKIP] Non-IT: Sales Supervisor – Medical Equipment
2026-03-29 02:20:14,952 [INFO]     [SKIP] Non-IT: Nhân Viên Thiết Kế Thời Trang
2026-03-29 02:20:15,060 [INFO]     [SKIP] Non-IT: Industrial Sales Executive (Chinese Speaking) | Hai Phong & Hai Duong
2026-03-29 02:20:15,227 [INFO]     [SKIP] Non-IT: Kế Toán Tổng Hợp
2026-03-29 02:20:26,223 [INFO]     [SKIP] Non-IT: Tuyển Dụng Nhân Viên Kinh Doanh
2026-03-29 02:20:28,192 [INFO]     [SKIP] Non-IT: Kế Toán Tổng Hợp (General Accountant)
2026-03-29 02:20:28,671 [INFO]     [SKIP] Non-IT: Chuyên Viên Kinh Doanh Nhựa Công Nghiệp – Lương Cứng Upto 17 Triệu + Thưởng Doanh Số, Hoa Hồng
2026-03-29 02:20:28,904 [INFO]     [SKIP] Non-IT: Nhân Viên Kinh Doanh (Không Yêu Cầu Kinh Nghiệm)
2026-03-29 02:20:28,909 [INFO] [SAVE] +3 jobs for keyword 'AWS' → data\vnworks_it_full.csv
2026-03-29 02:20:28,909 [INFO] 
[CAT] SECURITY: searching ['Security', 'Cyber Security', 'Pentest']
2026-03-29 02:20:30,271 [INFO]   [SECURITY][Security] Page 1: https://www.vietnamworks.com/viec-lam?g=5&q=Security&page=1
2026-03-29 02:20:40,161 [INFO]     50 scraped, 34 new (total collected: 34)
2026-03-29 02:20:40,161 [INFO]   [SECURITY][Security] Page 2: https://www.vietnamworks.com/viec-lam?g=5&q=Security&page=2
2026-03-29 02:20:44,398 [WARNING] Retrying (Retry(total=2, connect=None, read=None, redirect=None, status=None)) after connection broken by 'ReadTimeoutError("HTTPConnectionPool(host='localhost', port=65051): Read timed out. (read timeout=120)")': /session/6fd786f1b0076639794ea9e07063ed5f
2026-03-29 02:20:44,415 [WARNING] Retrying (Retry(total=2, connect=None, read=None, redirect=None, status=None)) after connection broken by 'ReadTimeoutError("HTTPConnectionPool(host='localhost', port=55859): Read timed out. (read timeout=120)")': /session/44cc1a3f5401d63b15b6d689939c578c
2026-03-29 02:20:48,121 [INFO]     37 scraped, 24 new (total collected: 58)
2026-03-29 02:20:48,123 [INFO]   [SECURITY][Security] Page 3: https://www.vietnamworks.com/viec-lam?g=5&q=Security&page=3
2026-03-29 02:20:55,107 [INFO]     25 scraped, 10 new (total collected: 68)
2026-03-29 02:20:55,109 [INFO]   [SECURITY][Security] Page 4: https://www.vietnamworks.com/viec-lam?g=5&q=Security&page=4
2026-03-29 02:21:01,920 [INFO]     25 scraped, 0 new (total collected: 68)
2026-03-29 02:21:01,921 [INFO]   [SECURITY][Security] Page 5: https://www.vietnamworks.com/viec-lam?g=5&q=Security&page=5
2026-03-29 02:21:08,633 [INFO]     25 scraped, 0 new (total collected: 68)
2026-03-29 02:21:08,636 [INFO]   [SECURITY][Security] Page 6: https://www.vietnamworks.com/viec-lam?g=5&q=Security&page=6
2026-03-29 02:21:15,720 [INFO]     25 scraped, 0 new (total collected: 68)
2026-03-29 02:21:15,721 [INFO]   [SECURITY][Security] Page 7: https://www.vietnamworks.com/viec-lam?g=5&q=Security&page=7
2026-03-29 02:21:22,637 [INFO]     25 scraped, 0 new (total collected: 68)
2026-03-29 02:21:22,638 [INFO]   [SECURITY][Security] Page 8: https://www.vietnamworks.com/viec-lam?g=5&q=Security&page=8
2026-03-29 02:21:29,914 [INFO]     25 scraped, 0 new (total collected: 68)
2026-03-29 02:21:29,915 [INFO]   [SECURITY][Security] Page 9: https://www.vietnamworks.com/viec-lam?g=5&q=Security&page=9
2026-03-29 02:21:37,006 [INFO]     25 scraped, 0 new (total collected: 68)
2026-03-29 02:21:37,006 [INFO]   [SECURITY][Security] Page 10: https://www.vietnamworks.com/viec-lam?g=5&q=Security&page=10
2026-03-29 02:21:44,597 [INFO]     25 scraped, 0 new (total collected: 68)
2026-03-29 02:21:46,773 [ERROR] Worker failed: 'description'
2026-03-29 02:21:46,788 [ERROR] Worker failed: 'description'
2026-03-29 02:21:46,801 [INFO] [SAVE] Added 3 new IT jobs to data\vnworks_it_full.csv
2026-03-29 02:21:46,804 [INFO] [CAT DONE] DEVOPS: total 55 new jobs added.
2026-03-29 02:21:46,804 [INFO] 
[START] Category: SECURITY (Searching for keywords)
2026-03-29 02:21:46,806 [INFO] --- Searching for keyword: Security ---
2026-03-29 02:21:46,806 [INFO] >> Phase 1: Collecting jobs for 'Security' (SECURITY)
2026-03-29 02:21:46,895 [INFO]   Collected 68 URLs for 'Security'. Starting detail extraction...
2026-03-29 02:22:00,298 [INFO]   [1/68] [OK] [2026_CSANTT]_Chuyên Viên Chính Sách An Ninh Thông Tin (An Ninh Ứng Dụng) | DATA
2026-03-29 02:22:01,151 [INFO]   [2/68] [OK] IT Auditor (Banking/ Financial Services) | SECURITY
2026-03-29 02:22:01,631 [INFO]   [3/68] [OK] [2026_CSANTT]_Chuyên Viên Chính Sách An Ninh Thông Tin (Kiến Trúc An Ninh Thông Tin) | DATA
2026-03-29 02:22:01,631 [INFO]   Page 1: found 51 jobs. New items: 35
2026-03-29 02:22:02,142 [INFO]   [4/68] [OK] Senior Officer Technology Risk Management | DATA
2026-03-29 02:22:02,173 [INFO]   [5/68] [OK] [2026_CSANTT]_02 Chuyên Viên Chính Sách An Ninh Thông Tin (Chính Sách, Tuân Thủ) | DATA
2026-03-29 02:22:13,484 [INFO]   Page 2: found 37 jobs. New items: 24
2026-03-29 02:22:16,495 [INFO]   [6/68] [OK] IT Support Staff | FRONTEND
2026-03-29 02:22:17,309 [INFO]   [7/68] [OK] Expert Technology Risk Management | DATA
2026-03-29 02:22:19,092 [INFO]   [8/68] [OK] Chuyên Viên Ứng Dụng (Vmware/linux) | DATA
2026-03-29 02:22:22,253 [INFO]   [9/68] [OK] IT Security Engineer – Cybersecurity & Networks | BACKEND
2026-03-29 02:22:22,284 [INFO]   [10/68] [OK] Chuyên Viên An Ninh Thông Tin | DATA
2026-03-29 02:22:22,386 [INFO]   Page 3: found 25 jobs. New items: 10
2026-03-29 02:23:23,907 [INFO]   [1/66] [OK] IT Auditor (Banking/ Financial Services)
2026-03-29 02:23:23,967 [INFO]   [11/68] [OK] Chuyên Gia Quản Trị Rủi Ro Thông Tin/information Risk Management Expert | DATA
2026-03-29 02:23:24,163 [INFO]   [2/66] [OK] [2026_CSANTT]_Chuyên Viên Chính Sách An Ninh Thông Tin (Kiến Trúc An Ninh Thông Tin)
2026-03-29 02:23:24,210 [INFO]   [12/68] [OK] IT Security Analyst ( Strong Microsoft 365) | SECURITY
2026-03-29 02:23:24,255 [INFO]   [3/66] [OK] [2026_CSANTT]_02 Chuyên Viên Chính Sách An Ninh Thông Tin (Chính Sách, Tuân Thủ)
2026-03-29 02:23:24,469 [INFO]   [13/68] [OK] Chuyên Viên Cao Cấp Quản Trị Rủi Ro và Kiểm Soát Tuân Thủ - K.CNTT | DATA
2026-03-29 02:23:24,641 [INFO]   [4/66] [OK] IT Auditor - Kiểm toán viên Công Nghệ Thông Tin
2026-03-29 02:23:24,733 [INFO]   [5/66] [OK] [2026_CSANTT]_Chuyên Viên Chính Sách An Ninh Thông Tin (An Ninh Ứng Dụng)
2026-03-29 02:23:24,734 [INFO]   [14/68] [OK] [CT0007] Chuyên Viên An Toàn Thông Tin | OTHER_IT
2026-03-29 02:23:24,735 [INFO]   [15/68] [OK] Chuyên Gia Quản Lý Dữ Liệu Rủi Ro Cấp 3, Bộ Phận Quản Trị Rủi Ro Bảo Mật và Dữ Liệu, Phòng Quản Trị Rủi Ro CNTT và Nhs | OTHER_IT
2026-03-29 02:24:09,882 [INFO]   [16/68] [OK] Chuyên Viên Hạ Tầng (Network/ Security) | DATA
2026-03-29 02:24:10,241 [INFO]   [6/66] [OK] Chuyên Viên Ứng Dụng (Vmware/linux)
2026-03-29 02:24:10,245 [INFO]   [7/66] [OK] Expert Technology Risk Management
2026-03-29 02:24:10,395 [INFO]   [17/68] [OK] [2026_Csantt]_Chuyên Viên Chính Sách An Ninh Thông Tin (An Ninh Ứng Dụng) | DATA
2026-03-29 02:24:10,669 [INFO]   [8/66] [OK] Senior Officer Technology Risk Management
2026-03-29 02:24:10,847 [INFO]   [9/66] [OK] IT Support Staff
2026-03-29 02:24:11,018 [INFO]     [SKIP] Non-IT: Chuyên Viên Tư Vấn Giải Pháp Hạ Tầng CNTT (Presales) – Level 1 / 2 / 3
2026-03-29 02:24:44,149 [INFO]   [10/66] [OK] IT Security Analyst ( Strong Microsoft 365)
2026-03-29 02:24:44,272 [INFO]   [11/66] [OK] IT Security Engineer – Cybersecurity & Networks
2026-03-29 02:24:44,381 [INFO]   [19/68] [OK] Security Operations Engineer | DATA
2026-03-29 02:24:44,631 [INFO]   [20/68] [OK] Chuyên Gia An Ninh Nội Bộ – One Mount Group | DATA
2026-03-29 02:24:44,631 [INFO]   [12/66] [OK] Chuyên Viên Cao Cấp Quản Trị Rủi Ro và Kiểm Soát Tuân Thủ - K.CNTT
2026-03-29 02:24:44,645 [INFO]   [21/68] [OK] Principal Enterprise Site Support Analyst (ESS IT) | BACKEND
2026-03-29 02:24:44,943 [INFO]   [22/68] [OK] [2026_Csantt]_02 Chuyên Viên Chính Sách An Ninh Thông Tin (Chính Sách, Tuân Thủ) | DATA
2026-03-29 02:25:13,668 [INFO]     [SKIP] Final Filter (Non-IT): Chuyên Viên Tư Vấn Giải Pháp Hạ Tầng CNTT (Presales) – Level 1 / 2 / 3
2026-03-29 02:25:14,027 [INFO]   [23/68] [OK] Trưởng Phòng Khoa Học Công Nghệ & Hợp Tác Quốc Tế | DATA
2026-03-29 02:25:14,260 [INFO]   [14/66] [OK] Chuyên Gia Quản Trị Rủi Ro Thông Tin/information Risk Management Expert
2026-03-29 02:25:14,428 [INFO]   [15/66] [OK] [CT0007] Chuyên Viên An Toàn Thông Tin
2026-03-29 02:25:29,038 [ERROR] Detail error https://www.vietnamworks.com/2026_csantt_chuyen-vien-chinh-sach-an-ninh-thong-tin-kien-truc-an-ninh-thong-tin-2029935-jv: HTTPConnectionPool(host='localhost', port=64992): Read timed out. (read timeout=120)
2026-03-29 02:25:29,441 [ERROR] Detail error https://www.vietnamworks.com/chuyen-vien-an-ninh-thong-tin--2019913-jv: HTTPConnectionPool(host='localhost', port=64997): Read timed out. (read timeout=120)
2026-03-29 02:25:44,490 [INFO]   [16/66] [OK] Chuyên Viên Hạ Tầng (Network/ Security)
2026-03-29 02:25:44,539 [INFO]   [17/66] [OK] [2026_Csantt]_Chuyên Viên Chính Sách An Ninh Thông Tin (An Ninh Ứng Dụng)
2026-03-29 02:25:44,648 [INFO]   [24/68] [OK] Chuyên Viên Quản Trị An Toàn Thông Tin | DATA
2026-03-29 02:25:44,775 [INFO]   [25/68] [OK] Phó Phòng Công Nghệ Thông Tin | DATA
2026-03-29 02:25:44,836 [INFO]   [18/66] [OK] [2026_Csantt]_Chuyên Viên Chính Sách An Ninh Thông Tin (Kiến Trúc An Ninh Thông Tin)
2026-03-29 02:26:07,707 [INFO]   [26/68] [OK] Technology Governance Senior Manager | DATA
2026-03-29 02:26:07,813 [INFO]   [27/68] [OK] Chuyên Viên Bảo Mật Ứng Dụng | DATA
2026-03-29 02:26:07,829 [INFO]   [19/66] [OK] [2026_Csantt]_02 Chuyên Viên Chính Sách An Ninh Thông Tin (Chính Sách, Tuân Thủ)
2026-03-29 02:26:07,938 [INFO]   [20/66] [OK] Security Operations Engineer
2026-03-29 02:26:14,063 [ERROR] Detail error https://www.vietnamworks.com/chuyen-gia-quan-ly-du-lieu-rui-ro-cap-3-bo-phan-quan-tri-rui-ro-bao-mat-va-du-lieu-phong-quan-tri-rui-ro-cntt-va-nhs-2022405-jv: HTTPConnectionPool(host='localhost', port=62461): Read timed out. (read timeout=120)
2026-03-29 02:26:31,014 [INFO]   [21/66] [OK] Principal Enterprise Site Support Analyst (ESS IT)
2026-03-29 02:26:31,357 [INFO]   [22/66] [OK] Chuyên Gia An Ninh Nội Bộ – One Mount Group
2026-03-29 02:26:31,637 [INFO]   [28/68] [OK] Safety & Security Executive - Chuyên Viên An Ninh và An Toàn | DATA
2026-03-29 02:26:31,902 [INFO]   [23/66] [OK] Area Security Manager (VN & TH)
2026-03-29 02:26:32,123 [INFO]   [29/68] [OK] IT Security Engineer (Kỹ Sư An Toàn Thông Tin) | SECURITY
2026-03-29 02:26:46,763 [ERROR] Detail error https://www.vietnamworks.com/area-security-manager-vn-th--2029153-jv: HTTPConnectionPool(host='localhost', port=60883): Read timed out. (read timeout=120)
2026-03-29 02:26:47,747 [ERROR] Detail error https://www.vietnamworks.com/ky-su-an-ninh-thong-tin--2017508-jv: HTTPConnectionPool(host='localhost', port=60887): Read timed out. (read timeout=120)
2026-03-29 02:27:03,111 [INFO]   [24/66] [OK] Kỹ Sư An Ninh Thông Tin
2026-03-29 02:27:03,359 [INFO]   [30/68] [OK] IT Support Officer | DATA
2026-03-29 02:27:03,511 [INFO]   [25/66] [OK] Trưởng Phòng Khoa Học Công Nghệ & Hợp Tác Quốc Tế
2026-03-29 02:27:03,864 [INFO]   [31/68] [OK] Security Engineer (An Ninh Hệ Thống) | DATA
2026-03-29 02:27:03,940 [INFO]   [26/66] [OK] Phó Phòng Công Nghệ Thông Tin
2026-03-29 02:27:25,875 [INFO]   [27/66] [OK] Chuyên Viên Quản Trị An Toàn Thông Tin
2026-03-29 02:27:26,235 [INFO]   [32/68] [OK] Chuyên Viên IT | DATA
2026-03-29 02:27:26,532 [INFO]   [28/66] [OK] Technology Governance Senior Manager
2026-03-29 02:27:27,118 [INFO]   [29/66] [OK] Chuyên Viên Bảo Mật Ứng Dụng
2026-03-29 02:27:29,064 [WARNING] Retrying (Retry(total=2, connect=None, read=None, redirect=None, status=None)) after connection broken by 'ReadTimeoutError("HTTPConnectionPool(host='localhost', port=64992): Read timed out. (read timeout=120)")': /session/fad0f121fb7b0e45bc0bd5897305901d
2026-03-29 02:27:29,665 [WARNING] Retrying (Retry(total=2, connect=None, read=None, redirect=None, status=None)) after connection broken by 'ReadTimeoutError("HTTPConnectionPool(host='localhost', port=64997): Read timed out. (read timeout=120)")': /session/5ac096fc7b8ed9dafbb166e1aa896950
2026-03-29 02:27:50,088 [INFO]   [30/66] [OK] IT Support Officer
2026-03-29 02:27:50,154 [INFO]   [33/68] [OK] Consultant IT Audit (Digital Trust) in HCMC Office | DATA
2026-03-29 02:27:50,166 [INFO]   [31/66] [OK] IT Security Engineer (Kỹ Sư An Toàn Thông Tin)
2026-03-29 02:27:50,197 [INFO]   [34/68] [OK] Infrastructure Network Engineer | DATA
2026-03-29 02:27:50,260 [INFO]   [32/66] [OK] Safety & Security Executive - Chuyên Viên An Ninh và An Toàn
2026-03-29 02:28:12,181 [INFO]   [33/66] [OK] Chuyên Viên IT
2026-03-29 02:28:13,001 [INFO]   [35/68] [OK] Information Security Specialist | DATA
2026-03-29 02:28:13,529 [INFO]   [34/66] [OK] Infrastructure Network Engineer
2026-03-29 02:28:13,639 [INFO]   [35/66] [OK] Security Engineer (An Ninh Hệ Thống)
2026-03-29 02:28:13,683 [INFO]   [36/68] [OK] Giám Đốc CNTT - IT Director | DATA
2026-03-29 02:28:14,156 [WARNING] Retrying (Retry(total=2, connect=None, read=None, redirect=None, status=None)) after connection broken by 'ReadTimeoutError("HTTPConnectionPool(host='localhost', port=62461): Read timed out. (read timeout=120)")': /session/672dacd8011461102e3b9afa5cb31ded
2026-03-29 02:28:37,431 [INFO]   [37/68] [OK] [Bắc Ninh] Kỹ Sư Đánh Giá - Cải Tiến Phần Mềm (QA) | DATA
2026-03-29 02:28:37,448 [INFO]   [36/66] [OK] Consultant IT Audit (Digital Trust) in HCMC Office
2026-03-29 02:28:37,597 [INFO]   [37/66] [OK] Giám Đốc CNTT - IT Director
2026-03-29 02:28:37,919 [ERROR] Worker failed: 'description'
2026-03-29 02:28:37,935 [INFO]   [38/66] [OK] Information Security Specialist
2026-03-29 02:28:37,951 [ERROR] Worker failed: 'description'
2026-03-29 02:28:46,794 [WARNING] Retrying (Retry(total=2, connect=None, read=None, redirect=None, status=None)) after connection broken by 'ReadTimeoutError("HTTPConnectionPool(host='localhost', port=60883): Read timed out. (read timeout=120)")': /session/89e9df61179c47ab2e606a20960c0d3a
2026-03-29 02:28:47,794 [WARNING] Retrying (Retry(total=2, connect=None, read=None, redirect=None, status=None)) after connection broken by 'ReadTimeoutError("HTTPConnectionPool(host='localhost', port=60887): Read timed out. (read timeout=120)")': /session/7ae35d7785f6a48d49e7756f7c03c8ed
2026-03-29 02:29:04,873 [INFO]   [39/68] [OK] Project Security Lead | DATA
2026-03-29 02:29:05,640 [INFO]   [40/68] [OK] Khối CNTT - CVC/CVCC Vận Hành Cơ Sở Dữ Liệu | DATA
2026-03-29 02:29:06,124 [INFO]   [41/68] [OK] [Tuyển Gấp] Chuyên Viên Hệ Thống An Toàn Thông Tin (Iso/iec 27001) | DATA
2026-03-29 02:29:07,667 [INFO]   [40/66] [OK] [Bắc Ninh] Kỹ Sư Đánh Giá - Cải Tiến Phần Mềm (QA)
2026-03-29 02:29:25,309 [INFO]   [42/68] [OK] IT Administration | DATA
2026-03-29 02:29:25,434 [INFO]   [43/68] [OK] Chuyên viên Quản trị Tuân thủ ATTT | DATA
2026-03-29 02:29:25,810 [ERROR] Worker failed: 'description'
2026-03-29 02:29:25,827 [INFO]   [42/66] [OK] Khối CNTT - CVC/CVCC Vận Hành Cơ Sở Dữ Liệu
2026-03-29 02:29:26,765 [INFO]   [43/66] [OK] IT Administration
2026-03-29 02:29:31,403 [ERROR] Detail error https://www.vietnamworks.com/project-security-lead-2029096-jv: Message: 

2026-03-29 02:29:51,478 [INFO]   [44/68] [OK] Kỹ sư Công nghệ Thông tin (02 người) | DATA
2026-03-29 02:29:51,509 [ERROR] Worker failed: 'description'
2026-03-29 02:29:51,555 [INFO]     [SKIP] Final Filter (Non-IT): Nhân Viên Presales – Tư Vấn Và Triển Khai Giải Pháp Kỹ Thuật
2026-03-29 02:29:51,820 [INFO]   [45/68] [OK] Senior Network & Security Engineer | DATA
2026-03-29 02:29:52,051 [INFO]     [SKIP] Non-IT: Nhân Viên Presales – Tư Vấn Và Triển Khai Giải Pháp Kỹ Thuật
2026-03-29 02:29:52,098 [ERROR] Worker failed: 'description'
2026-03-29 02:29:52,239 [ERROR] Worker failed: 'description'
2026-03-29 02:29:52,388 [INFO]   [46/66] [OK] Chuyên viên Quản trị Tuân thủ ATTT
2026-03-29 02:30:21,813 [INFO]   [47/66] [OK] Regional IT Manager
2026-03-29 02:30:22,112 [INFO]   [49/68] [OK] Presales Security | SECURITY
2026-03-29 02:30:22,315 [INFO]   [48/66] [OK] Presales Security
2026-03-29 02:30:22,487 [INFO]   [49/66] [OK] Senior Network & Security Engineer
2026-03-29 02:30:22,796 [INFO]   [50/68] [OK] Graduate to Senior Consultant | Digital Trust in Hanoi Office | DATA
2026-03-29 02:30:39,829 [ERROR] Detail error https://www.vietnamworks.com/tuyen-gap-chuyen-vien-he-thong-an-toan-thong-tin-iso-iec-27001-2004551-jv: HTTPConnectionPool(host='localhost', port=61411): Read timed out. (read timeout=120)
2026-03-29 02:30:44,908 [INFO]   [50/66] [OK] Trưởng bộ phận Bảo mật & An toàn thông tin
2026-03-29 02:30:45,357 [INFO]   [51/68] [OK] Regional IT Manager | DATA
2026-03-29 02:30:45,388 [INFO]   [52/68] [OK] Specialist, System & Monitoring Center (Security) | DATA
2026-03-29 02:30:46,677 [INFO]   [51/66] [OK] Nhân Viên Phụ Trách Bảo Mật Thông Tin Thuộc Bộ Phận Kiểm Soát Nội Bộ
2026-03-29 02:30:47,430 [INFO]   [52/66] [OK] Graduate to Senior Consultant | Digital Trust in Hanoi Office
2026-03-29 02:31:06,553 [INFO]   [53/66] [OK] Head of It_A Globally Established Manufacturing Company
2026-03-29 02:31:06,693 [INFO]   [53/68] [OK] IT Senior System Administrator | DATA
2026-03-29 02:31:07,143 [INFO]   [54/68] [OK] IT Manager | DATA
2026-03-29 02:31:07,719 [INFO]   [54/66] [OK] Specialist, System & Monitoring Center (Security)
2026-03-29 02:31:23,046 [INFO]   [55/66] [OK] IT Senior System Administrator
2026-03-29 02:31:23,717 [INFO]   [56/66] [OK] IT Manager
2026-03-29 02:31:24,135 [INFO]   [55/68] [OK] IT Specialist | DATA
2026-03-29 02:31:24,471 [INFO]     [SKIP] Non-IT: Kỹ Sư Trắc Đạc (Lương 20 -26 Triệu/ Tháng)
2026-03-29 02:31:29,313 [ERROR] Detail error https://www.vietnamworks.com/ky-su-cong-nghe-thong-tin-02-nguoi-2015144-jv: HTTPConnectionPool(host='localhost', port=61567): Read timed out. (read timeout=120)
2026-03-29 02:31:43,928 [INFO]   [57/66] [OK] IT Specialist
2026-03-29 02:31:43,990 [INFO]     [SKIP] Non-IT: Tuyển Nữ - Nhân Viên Kế Toán Lương Upto 13 Triệu/tháng
2026-03-29 02:31:44,069 [INFO]     [SKIP] Final Filter (Non-IT): Tuyển Nữ - Nhân Viên Kế Toán Lương Upto 13 Triệu/tháng
2026-03-29 02:31:44,424 [INFO]     [SKIP] Final Filter (Non-IT): Kỹ Sư Trắc Đạc (Lương 20 -26 Triệu/ Tháng)
2026-03-29 02:31:55,924 [ERROR] Detail error https://www.vietnamworks.com/truong-bo-phan-bao-mat-and-an-toan-thong-tin-2006510-jv: HTTPConnectionPool(host='localhost', port=54658): Read timed out. (read timeout=120)
2026-03-29 02:31:55,971 [ERROR] Detail error https://www.vietnamworks.com/nhan-vien-phu-trach-bao-mat-thong-tin-thuoc-bo-phan-kiem-soat-noi-bo-2021973-jv: HTTPConnectionPool(host='localhost', port=65081): Read timed out. (read timeout=120)
2026-03-29 02:32:14,572 [INFO]     [SKIP] Final Filter (Non-IT): Industrial Sales Executive (Chinese Speaking) | Hai Phong & Hai Duong
2026-03-29 02:32:14,590 [INFO]     [SKIP] Final Filter (Non-IT): Nhân Viên Thiết Kế Thời Trang
2026-03-29 02:32:14,817 [INFO]     [SKIP] Final Filter (Non-IT): Sales Supervisor – Medical Equipment
2026-03-29 02:32:14,817 [INFO]     [SKIP] Non-IT: Industrial Sales Executive (Chinese Speaking) | Hai Phong & Hai Duong
2026-03-29 02:32:15,046 [INFO]     [SKIP] Non-IT: Sales Supervisor – Medical Equipment
2026-03-29 02:32:24,400 [ERROR] Detail error https://www.vietnamworks.com/head-of-it-a-globally-established-manufacturing-company-2017993-jv: HTTPConnectionPool(host='localhost', port=49733): Read timed out. (read timeout=120)
2026-03-29 02:32:31,733 [INFO]     [SKIP] Non-IT: Nhân Viên Thiết Kế Thời Trang
2026-03-29 02:32:32,325 [INFO]     [SKIP] Final Filter (Non-IT): Tuyển Dụng Nhân Viên Kinh Doanh
2026-03-29 02:32:32,356 [INFO]     [SKIP] Final Filter (Non-IT): Kế Toán Tổng Hợp
2026-03-29 02:32:32,356 [INFO]     [SKIP] Non-IT: Kế Toán Tổng Hợp
2026-03-29 02:32:39,870 [WARNING] Retrying (Retry(total=2, connect=None, read=None, redirect=None, status=None)) after connection broken by 'ReadTimeoutError("HTTPConnectionPool(host='localhost', port=61411): Read timed out. (read timeout=120)")': /session/0dec3e2a050e9146afac0c66cf552839
2026-03-29 02:32:45,394 [INFO]     [SKIP] Non-IT: Tuyển Dụng Nhân Viên Kinh Doanh
2026-03-29 02:32:45,704 [INFO]     [SKIP] Non-IT: Chuyên Viên Kinh Doanh Nhựa Công Nghiệp – Lương Cứng Upto 17 Triệu + Thưởng Doanh Số, Hoa Hồng
2026-03-29 02:32:57,188 [INFO]     [SKIP] Non-IT: Kế Toán Tổng Hợp (General Accountant)
2026-03-29 02:32:58,537 [INFO]     [SKIP] Non-IT: Nhân Viên Kinh Doanh (Không Yêu Cầu Kinh Nghiệm)
2026-03-29 02:33:29,392 [WARNING] Retrying (Retry(total=2, connect=None, read=None, redirect=None, status=None)) after connection broken by 'ReadTimeoutError("HTTPConnectionPool(host='localhost', port=61567): Read timed out. (read timeout=120)")': /session/2e257328f47f5f9968f835c6f7d74448
2026-03-29 02:33:42,088 [ERROR] Worker failed: 'description'
2026-03-29 02:33:56,004 [WARNING] Retrying (Retry(total=2, connect=None, read=None, redirect=None, status=None)) after connection broken by 'ReadTimeoutError("HTTPConnectionPool(host='localhost', port=65081): Read timed out. (read timeout=120)")': /session/945f51cd48ecf994e6ec41284b52a41f
2026-03-29 02:33:56,034 [WARNING] Retrying (Retry(total=2, connect=None, read=None, redirect=None, status=None)) after connection broken by 'ReadTimeoutError("HTTPConnectionPool(host='localhost', port=54658): Read timed out. (read timeout=120)")': /session/76e5c8bc5d6581281fc85dd41aa9f11c
2026-03-29 02:34:24,428 [WARNING] Retrying (Retry(total=2, connect=None, read=None, redirect=None, status=None)) after connection broken by 'ReadTimeoutError("HTTPConnectionPool(host='localhost', port=49733): Read timed out. (read timeout=120)")': /session/72560f7e887486716e5fecb8d1ee9a71
2026-03-29 02:34:31,643 [ERROR] Worker failed: 'description'
2026-03-29 02:34:31,680 [INFO] [SAVE] Added 52 new IT jobs to data\vnworks_it_full.csv
2026-03-29 02:34:31,694 [INFO] --- Searching for keyword: Cyber Security ---
2026-03-29 02:34:31,697 [INFO] >> Phase 1: Collecting jobs for 'Cyber Security' (SECURITY)
2026-03-29 02:34:44,534 [INFO]   Page 1: found 9 jobs. New items: 1
2026-03-29 02:34:51,434 [INFO]   Page 2: found 21 jobs. New items: 10
2026-03-29 02:34:58,292 [ERROR] Worker failed: 'description'
2026-03-29 02:34:58,309 [ERROR] Worker failed: 'description'
2026-03-29 02:34:58,448 [INFO]   Page 3: found 21 jobs. New items: 0
2026-03-29 02:35:05,168 [INFO]   Page 4: found 21 jobs. New items: 0
2026-03-29 02:35:11,523 [INFO]   Page 5: found 21 jobs. New items: 0
2026-03-29 02:35:18,125 [INFO]   Page 6: found 21 jobs. New items: 0
2026-03-29 02:35:24,591 [INFO]   Page 7: found 21 jobs. New items: 0
2026-03-29 02:35:26,847 [ERROR] Worker failed: 'description'
2026-03-29 02:35:26,872 [INFO] [SAVE] +50 jobs for keyword 'Security' → data\vnworks_it_full.csv
2026-03-29 02:35:28,311 [INFO]   [SECURITY][Cyber Security] Page 1: https://www.vietnamworks.com/viec-lam?g=5&q=Cyber Security&page=1
2026-03-29 02:35:31,224 [INFO]   Page 8: found 21 jobs. New items: 0
2026-03-29 02:35:37,198 [INFO]     9 scraped, 0 new (total collected: 0)
2026-03-29 02:35:37,198 [INFO]   [SECURITY][Cyber Security] Page 2: https://www.vietnamworks.com/viec-lam?g=5&q=Cyber Security&page=2
2026-03-29 02:35:37,783 [INFO]   Page 9: found 21 jobs. New items: 0
2026-03-29 02:35:43,722 [INFO]     21 scraped, 10 new (total collected: 10)
2026-03-29 02:35:43,722 [INFO]   [SECURITY][Cyber Security] Page 3: https://www.vietnamworks.com/viec-lam?g=5&q=Cyber Security&page=3
2026-03-29 02:35:44,405 [INFO]   Page 10: found 21 jobs. New items: 0
2026-03-29 02:35:49,676 [INFO]     21 scraped, 0 new (total collected: 10)
2026-03-29 02:35:49,676 [INFO]   [SECURITY][Cyber Security] Page 4: https://www.vietnamworks.com/viec-lam?g=5&q=Cyber Security&page=4
2026-03-29 02:35:57,400 [INFO]     21 scraped, 0 new (total collected: 10)
2026-03-29 02:35:57,401 [INFO]   [SECURITY][Cyber Security] Page 5: https://www.vietnamworks.com/viec-lam?g=5&q=Cyber Security&page=5
2026-03-29 02:36:01,398 [INFO]     [SKIP] Final Filter (Non-IT): Industrial Sales Executive (Chinese Speaking) | Hai Phong & Hai Duong
2026-03-29 02:36:01,921 [INFO]   [2/11] [OK] Chuyên Viên An Ninh Thông Tin
2026-03-29 02:36:02,427 [INFO]     [SKIP] Final Filter (Non-IT): Sales Supervisor – Medical Equipment
2026-03-29 02:36:02,630 [INFO]     [SKIP] Final Filter (Non-IT): Tuyển Nữ - Nhân Viên Kế Toán Lương Upto 13 Triệu/tháng
2026-03-29 02:36:02,770 [INFO]     [SKIP] Final Filter (Non-IT): Kỹ Sư Trắc Đạc (Lương 20 -26 Triệu/ Tháng)
2026-03-29 02:36:04,513 [INFO]     21 scraped, 0 new (total collected: 10)
2026-03-29 02:36:04,513 [INFO]   [SECURITY][Cyber Security] Page 6: https://www.vietnamworks.com/viec-lam?g=5&q=Cyber Security&page=6
2026-03-29 02:36:12,138 [INFO]     21 scraped, 0 new (total collected: 10)
2026-03-29 02:36:12,142 [INFO]   [SECURITY][Cyber Security] Page 7: https://www.vietnamworks.com/viec-lam?g=5&q=Cyber Security&page=7
2026-03-29 02:36:14,638 [INFO]     [SKIP] Final Filter (Non-IT): Nhân Viên Thiết Kế Thời Trang
2026-03-29 02:36:15,345 [INFO]     [SKIP] Final Filter (Non-IT): Kế Toán Tổng Hợp
2026-03-29 02:36:16,348 [INFO]     [SKIP] Final Filter (Non-IT): Tuyển Dụng Nhân Viên Kinh Doanh
2026-03-29 02:36:17,977 [INFO]     21 scraped, 0 new (total collected: 10)
2026-03-29 02:36:17,978 [INFO]   [SECURITY][Cyber Security] Page 8: https://www.vietnamworks.com/viec-lam?g=5&q=Cyber Security&page=8
2026-03-29 02:36:18,689 [INFO]     [SKIP] Final Filter (Non-IT): Chuyên Viên Kinh Doanh Nhựa Công Nghiệp – Lương Cứng Upto 17 Triệu + Thưởng Doanh Số, Hoa Hồng
2026-03-29 02:36:18,909 [INFO]     [SKIP] Final Filter (Non-IT): Kế Toán Tổng Hợp (General Accountant)
2026-03-29 02:36:24,093 [INFO]     21 scraped, 0 new (total collected: 10)
2026-03-29 02:36:24,093 [INFO]   [SECURITY][Cyber Security] Page 9: https://www.vietnamworks.com/viec-lam?g=5&q=Cyber Security&page=9
2026-03-29 02:36:26,527 [INFO]     [SKIP] Final Filter (Non-IT): Nhân Viên Kinh Doanh (Không Yêu Cầu Kinh Nghiệm)
2026-03-29 02:36:26,538 [INFO] [SAVE] Added 1 new IT jobs to data\vnworks_it_full.csv
2026-03-29 02:36:26,542 [INFO] --- Searching for keyword: Pentest ---
2026-03-29 02:36:26,543 [INFO] >> Phase 1: Collecting jobs for 'Pentest' (SECURITY)
2026-03-29 02:36:30,563 [INFO]     21 scraped, 0 new (total collected: 10)
2026-03-29 02:36:30,563 [INFO]   [SECURITY][Cyber Security] Page 10: https://www.vietnamworks.com/viec-lam?g=5&q=Cyber Security&page=10
2026-03-29 02:36:36,979 [INFO]   Page 1: found 21 jobs. New items: 10
2026-03-29 02:36:37,025 [INFO]     21 scraped, 0 new (total collected: 10)
2026-03-29 02:36:39,506 [INFO]   Collected 10 URLs for 'Cyber Security'. Starting detail extraction...
2026-03-29 02:36:44,356 [INFO]   Page 2: found 21 jobs. New items: 0
2026-03-29 02:36:51,299 [INFO]   Page 3: found 21 jobs. New items: 0
2026-03-29 02:36:53,849 [INFO]     [SKIP] Non-IT: Nhân Viên Thiết Kế Thời Trang
2026-03-29 02:36:54,228 [INFO]     [SKIP] Non-IT: Tuyển Nữ - Nhân Viên Kế Toán Lương Upto 13 Triệu/tháng
2026-03-29 02:36:54,540 [INFO]     [SKIP] Non-IT: Industrial Sales Executive (Chinese Speaking) | Hai Phong & Hai Duong
2026-03-29 02:36:54,724 [INFO]     [SKIP] Non-IT: Sales Supervisor – Medical Equipment
2026-03-29 02:36:54,937 [INFO]     [SKIP] Non-IT: Kỹ Sư Trắc Đạc (Lương 20 -26 Triệu/ Tháng)
2026-03-29 02:36:57,015 [INFO]   Page 4: found 21 jobs. New items: 0
2026-03-29 02:37:04,611 [INFO]   Page 5: found 21 jobs. New items: 0
2026-03-29 02:37:07,735 [INFO]     [SKIP] Non-IT: Kế Toán Tổng Hợp
2026-03-29 02:37:09,116 [INFO]     [SKIP] Non-IT: Chuyên Viên Kinh Doanh Nhựa Công Nghiệp – Lương Cứng Upto 17 Triệu + Thưởng Doanh Số, Hoa Hồng
2026-03-29 02:37:09,739 [INFO]     [SKIP] Non-IT: Kế Toán Tổng Hợp (General Accountant)
2026-03-29 02:37:10,738 [INFO]   Page 6: found 21 jobs. New items: 0
2026-03-29 02:37:11,126 [INFO]     [SKIP] Non-IT: Tuyển Dụng Nhân Viên Kinh Doanh
2026-03-29 02:37:11,443 [INFO]     [SKIP] Non-IT: Nhân Viên Kinh Doanh (Không Yêu Cầu Kinh Nghiệm)
2026-03-29 02:37:12,814 [INFO]   [SECURITY][Pentest] Page 1: https://www.vietnamworks.com/viec-lam?g=5&q=Pentest&page=1
2026-03-29 02:37:16,810 [INFO]   Page 7: found 21 jobs. New items: 0
2026-03-29 02:37:21,879 [INFO]     21 scraped, 10 new (total collected: 10)
2026-03-29 02:37:21,880 [INFO]   [SECURITY][Pentest] Page 2: https://www.vietnamworks.com/viec-lam?g=5&q=Pentest&page=2
2026-03-29 02:37:23,058 [INFO]   Page 8: found 21 jobs. New items: 0
2026-03-29 02:37:28,342 [INFO]     21 scraped, 0 new (total collected: 10)
2026-03-29 02:37:28,344 [INFO]   [SECURITY][Pentest] Page 3: https://www.vietnamworks.com/viec-lam?g=5&q=Pentest&page=3
2026-03-29 02:37:29,167 [INFO]   Page 9: found 21 jobs. New items: 0
2026-03-29 02:37:34,668 [INFO]     21 scraped, 0 new (total collected: 10)
2026-03-29 02:37:34,669 [INFO]   [SECURITY][Pentest] Page 4: https://www.vietnamworks.com/viec-lam?g=5&q=Pentest&page=4
2026-03-29 02:37:35,377 [INFO]   Page 10: found 21 jobs. New items: 0
2026-03-29 02:37:40,644 [INFO]     21 scraped, 0 new (total collected: 10)
2026-03-29 02:37:40,644 [INFO]   [SECURITY][Pentest] Page 5: https://www.vietnamworks.com/viec-lam?g=5&q=Pentest&page=5
2026-03-29 02:37:48,981 [INFO]     21 scraped, 0 new (total collected: 10)
2026-03-29 02:37:48,988 [INFO]   [SECURITY][Pentest] Page 6: https://www.vietnamworks.com/viec-lam?g=5&q=Pentest&page=6
2026-03-29 02:37:58,857 [INFO]     21 scraped, 0 new (total collected: 10)
2026-03-29 02:37:58,859 [INFO]   [SECURITY][Pentest] Page 7: https://www.vietnamworks.com/viec-lam?g=5&q=Pentest&page=7
2026-03-29 02:38:00,263 [INFO]     [SKIP] Final Filter (Non-IT): Industrial Sales Executive (Chinese Speaking) | Hai Phong & Hai Duong
2026-03-29 02:38:00,379 [INFO]     [SKIP] Final Filter (Non-IT): Tuyển Nữ - Nhân Viên Kế Toán Lương Upto 13 Triệu/tháng
2026-03-29 02:38:00,494 [INFO]     [SKIP] Final Filter (Non-IT): Nhân Viên Thiết Kế Thời Trang
2026-03-29 02:38:00,640 [INFO]     [SKIP] Final Filter (Non-IT): Kỹ Sư Trắc Đạc (Lương 20 -26 Triệu/ Tháng)
2026-03-29 02:38:00,840 [INFO]     [SKIP] Final Filter (Non-IT): Sales Supervisor – Medical Equipment
2026-03-29 02:38:07,151 [INFO]     21 scraped, 0 new (total collected: 10)
2026-03-29 02:38:07,173 [INFO]   [SECURITY][Pentest] Page 8: https://www.vietnamworks.com/viec-lam?g=5&q=Pentest&page=8
2026-03-29 02:38:15,673 [INFO]     21 scraped, 0 new (total collected: 10)
2026-03-29 02:38:15,674 [INFO]   [SECURITY][Pentest] Page 9: https://www.vietnamworks.com/viec-lam?g=5&q=Pentest&page=9
2026-03-29 02:38:16,534 [INFO]     [SKIP] Final Filter (Non-IT): Kế Toán Tổng Hợp
2026-03-29 02:38:17,029 [INFO]     [SKIP] Final Filter (Non-IT): Chuyên Viên Kinh Doanh Nhựa Công Nghiệp – Lương Cứng Upto 17 Triệu + Thưởng Doanh Số, Hoa Hồng
2026-03-29 02:38:18,642 [INFO]     [SKIP] Final Filter (Non-IT): Kế Toán Tổng Hợp (General Accountant)
2026-03-29 02:38:21,472 [INFO]     [SKIP] Final Filter (Non-IT): Nhân Viên Kinh Doanh (Không Yêu Cầu Kinh Nghiệm)
2026-03-29 02:38:23,022 [INFO]     21 scraped, 0 new (total collected: 10)
2026-03-29 02:38:23,023 [INFO]   [SECURITY][Pentest] Page 10: https://www.vietnamworks.com/viec-lam?g=5&q=Pentest&page=10
2026-03-29 02:38:27,134 [INFO]     [SKIP] Final Filter (Non-IT): Tuyển Dụng Nhân Viên Kinh Doanh
2026-03-29 02:38:27,139 [INFO] [CAT DONE] SECURITY: total 53 new jobs added.
2026-03-29 02:38:27,139 [INFO] 
[START] Category: QA (Searching for keywords)
2026-03-29 02:38:27,140 [INFO] --- Searching for keyword: Tester ---
2026-03-29 02:38:27,141 [INFO] >> Phase 1: Collecting jobs for 'Tester' (QA)
2026-03-29 02:38:29,190 [INFO]     21 scraped, 0 new (total collected: 10)
2026-03-29 02:38:31,618 [INFO]   Collected 10 URLs for 'Pentest'. Starting detail extraction...
2026-03-29 02:38:42,489 [INFO]   Page 1: found 52 jobs. New items: 27
2026-03-29 02:38:52,788 [INFO]     [SKIP] Non-IT: Nhân Viên Thiết Kế Thời Trang
2026-03-29 02:38:52,839 [INFO]     [SKIP] Non-IT: Industrial Sales Executive (Chinese Speaking) | Hai Phong & Hai Duong
2026-03-29 02:38:53,043 [INFO]   Page 2: found 38 jobs. New items: 23
2026-03-29 02:38:53,220 [INFO]     [SKIP] Non-IT: Kỹ Sư Trắc Đạc (Lương 20 -26 Triệu/ Tháng)
2026-03-29 02:38:53,841 [INFO]     [SKIP] Non-IT: Sales Supervisor – Medical Equipment
2026-03-29 02:38:55,145 [INFO]     [SKIP] Non-IT: Tuyển Nữ - Nhân Viên Kế Toán Lương Upto 13 Triệu/tháng
2026-03-29 02:39:05,444 [INFO]   Page 3: found 26 jobs. New items: 10
2026-03-29 02:39:14,654 [INFO]   Page 4: found 26 jobs. New items: 0
2026-03-29 02:39:15,094 [INFO]     [SKIP] Non-IT: Tuyển Dụng Nhân Viên Kinh Doanh
2026-03-29 02:39:15,179 [INFO]     [SKIP] Non-IT: Kế Toán Tổng Hợp
2026-03-29 02:39:15,576 [INFO]     [SKIP] Non-IT: Chuyên Viên Kinh Doanh Nhựa Công Nghiệp – Lương Cứng Upto 17 Triệu + Thưởng Doanh Số, Hoa Hồng
2026-03-29 02:39:15,823 [INFO]     [SKIP] Non-IT: Kế Toán Tổng Hợp (General Accountant)
2026-03-29 02:39:19,517 [INFO]     [SKIP] Non-IT: Nhân Viên Kinh Doanh (Không Yêu Cầu Kinh Nghiệm)
2026-03-29 02:39:19,519 [INFO] 
[CAT] QA: searching ['Tester', 'QA', 'Automation Test']
2026-03-29 02:39:20,929 [INFO]   [QA][Tester] Page 1: https://www.vietnamworks.com/viec-lam?g=5&q=Tester&page=1
2026-03-29 02:39:21,927 [INFO]   Page 5: found 26 jobs. New items: 0
2026-03-29 02:39:28,787 [INFO]   Page 6: found 26 jobs. New items: 0
2026-03-29 02:39:31,165 [INFO]     52 scraped, 27 new (total collected: 27)
2026-03-29 02:39:31,166 [INFO]   [QA][Tester] Page 2: https://www.vietnamworks.com/viec-lam?g=5&q=Tester&page=2
2026-03-29 02:39:35,709 [INFO]   Page 7: found 26 jobs. New items: 0
2026-03-29 02:39:38,576 [INFO]     38 scraped, 23 new (total collected: 50)
2026-03-29 02:39:38,576 [INFO]   [QA][Tester] Page 3: https://www.vietnamworks.com/viec-lam?g=5&q=Tester&page=3
2026-03-29 02:39:42,529 [INFO]   Page 8: found 26 jobs. New items: 0
2026-03-29 02:39:44,986 [INFO]     26 scraped, 10 new (total collected: 60)
2026-03-29 02:39:44,987 [INFO]   [QA][Tester] Page 4: https://www.vietnamworks.com/viec-lam?g=5&q=Tester&page=4
2026-03-29 02:39:49,484 [INFO]   Page 9: found 26 jobs. New items: 0
2026-03-29 02:39:51,741 [INFO]     26 scraped, 0 new (total collected: 60)
2026-03-29 02:39:51,742 [INFO]   [QA][Tester] Page 5: https://www.vietnamworks.com/viec-lam?g=5&q=Tester&page=5
2026-03-29 02:39:56,405 [INFO]   Page 10: found 26 jobs. New items: 0
2026-03-29 02:39:58,990 [INFO]     26 scraped, 4 new (total collected: 64)
2026-03-29 02:39:58,990 [INFO]   [QA][Tester] Page 6: https://www.vietnamworks.com/viec-lam?g=5&q=Tester&page=6
2026-03-29 02:40:07,388 [INFO]     26 scraped, 0 new (total collected: 64)
2026-03-29 02:40:07,388 [INFO]   [QA][Tester] Page 7: https://www.vietnamworks.com/viec-lam?g=5&q=Tester&page=7
2026-03-29 02:40:16,178 [INFO]   [1/60] [OK] QA Manager
2026-03-29 02:40:16,404 [INFO]     26 scraped, 0 new (total collected: 64)
2026-03-29 02:40:16,405 [INFO]   [QA][Tester] Page 8: https://www.vietnamworks.com/viec-lam?g=5&q=Tester&page=8
2026-03-29 02:40:18,492 [INFO]   [2/60] [OK] Software Tester (QC)
2026-03-29 02:40:18,951 [INFO]   [3/60] [OK] QA Game Tester
2026-03-29 02:40:18,983 [INFO]   [4/60] [OK] Footwear QC Inspector (Binh Tan, HCM)
2026-03-29 02:40:19,122 [INFO]   [5/60] [OK] Senior Tester (QA)
2026-03-29 02:40:25,630 [INFO]     26 scraped, 0 new (total collected: 64)
2026-03-29 02:40:25,659 [INFO]   [QA][Tester] Page 9: https://www.vietnamworks.com/viec-lam?g=5&q=Tester&page=9
2026-03-29 02:40:35,885 [INFO]     26 scraped, 4 new (total collected: 68)
2026-03-29 02:40:35,886 [INFO]   [QA][Tester] Page 10: https://www.vietnamworks.com/viec-lam?g=5&q=Tester&page=10
2026-03-29 02:40:39,021 [INFO]   [6/60] [OK] Quality and Technical Supporter
2026-03-29 02:40:39,022 [INFO]   [7/60] [OK] Test Development Engineer (for SSD & Memory Products)
2026-03-29 02:40:39,761 [INFO]   [8/60] [OK] Junior Product Compliance Coordinator (Global Environment)
2026-03-29 02:40:40,511 [INFO]   [9/60] [OK] Nhân Viên Chất Lượng Công Đoạn
2026-03-29 02:40:46,386 [INFO]     26 scraped, 0 new (total collected: 68)
2026-03-29 02:40:58,640 [INFO]   [10/60] [OK] Chuyên Viên Kiểm Thử Phần Mềm (Performance Tester) - Mã Số: Qldv-03
2026-03-29 02:40:58,655 [INFO]   Collected 68 URLs for 'Tester'. Starting detail extraction...
2026-03-29 02:40:58,796 [INFO]   [11/60] [OK] Nhân Viên Kiểm Thử Phần Mềm (Software Tester)
2026-03-29 02:40:59,004 [INFO]   [12/60] [OK] Senior Data Tester - Data and Digital Transformation Division (DTO)
2026-03-29 02:40:59,313 [INFO]   [13/60] [OK] Test Engineer
2026-03-29 02:40:59,996 [INFO]   [14/60] [OK] Tester
2026-03-29 02:41:44,702 [INFO]   [15/60] [OK] Quản Lý QA
2026-03-29 02:41:45,618 [INFO]   [1/68] [OK] QA Manager | DATA
2026-03-29 02:41:45,717 [INFO]   [2/68] [OK] Senior Tester (QA) | DATA
2026-03-29 02:41:45,817 [INFO]   [3/68] [OK] Software Tester (QC) | DATA
2026-03-29 02:41:45,909 [INFO]   [4/68] [OK] Footwear QC Inspector (Binh Tan, HCM) | OTHER_IT
2026-03-29 02:41:46,064 [INFO]   [5/68] [OK] QA Game Tester | MOBILE
2026-03-29 02:41:46,175 [INFO]   [16/60] [OK] Nhân Viên Cải Tiến Chất Lượng Và Quy Trình Sản Phẩm
2026-03-29 02:41:46,254 [INFO]   [17/60] [OK] Chuyên Viên Kiểm Thử (Tester)
2026-03-29 02:41:46,423 [INFO]   [18/60] [OK] QA Staff
2026-03-29 02:41:46,760 [INFO]   [19/60] [OK] Project Manager Officer Tiếng Nhật / JLPT N2 Or Higher）
2026-03-29 02:42:44,782 [INFO]   [20/60] [OK] Trợ Lý Dự Án/ Project Assistant
2026-03-29 02:42:44,812 [INFO]   [21/60] [OK] Ecommerce QA and Launch Lead
2026-03-29 02:42:44,828 [INFO]   [6/68] [OK] Quality and Technical Supporter | DATA
2026-03-29 02:42:44,874 [INFO]   [7/68] [OK] Nhân Viên Chất Lượng Công Đoạn | OTHER_IT
2026-03-29 02:42:45,277 [INFO]   [22/60] [OK] Product Manager (AI QA/QC Systems)
2026-03-29 02:42:45,292 [INFO]   [8/68] [OK] Chuyên Viên Kiểm Thử Phần Mềm (Performance Tester) - Mã Số: Qldv-03 | QA
2026-03-29 02:42:45,659 [INFO]   [9/68] [OK] Test Development Engineer (for SSD & Memory Products) | BACKEND
2026-03-29 02:42:45,753 [INFO]   [10/68] [OK] Junior Product Compliance Coordinator (Global Environment) | DATA
2026-03-29 02:42:46,028 [INFO]   [23/60] [OK] Kỹ Sư IQC - Tiếng Trung Giao Tiếp + Đọc Hiểu Tốt
2026-03-29 02:43:11,821 [INFO]   [24/60] [OK] Senior QC (Automation)
2026-03-29 02:43:12,565 [INFO]   [11/68] [OK] Nhân Viên Kiểm Thử Phần Mềm (Software Tester) | BACKEND
2026-03-29 02:43:12,846 [INFO]   [12/68] [OK] Nhân Viên Cải Tiến Chất Lượng Và Quy Trình Sản Phẩm | OTHER_IT
2026-03-29 02:43:13,185 [INFO]   [13/68] [OK] Tester | BACKEND
2026-03-29 02:43:13,200 [INFO]   [25/60] [OK] Test Engineer
2026-03-29 02:43:32,793 [INFO]   [26/60] [OK] Chuyên viên BIM Coordinator
2026-03-29 02:43:32,825 [INFO]   [14/68] [OK] Chuyên Viên Kiểm Thử (Tester) | BACKEND
2026-03-29 02:43:33,401 [INFO]   [15/68] [OK] QA Staff | QA
2026-03-29 02:43:33,401 [INFO]   [27/60] [OK] Manual QA Tester (Web Application)
2026-03-29 02:43:38,131 [ERROR] Detail error https://www.vietnamworks.com/senior-data-tester-data-and-digital-transformation-division-dto-2029874-jv: Message: 

2026-03-29 02:43:46,777 [INFO]   [16/68] [OK] Quản Lý QA | QA
2026-03-29 02:43:46,853 [ERROR] Worker failed: 'description'
2026-03-29 02:43:48,188 [INFO]   [28/60] [OK] Automation Tool Developer (Python, Robot Framework - Home Appliance Domain)
2026-03-29 02:43:48,879 [INFO]   [18/68] [OK] Project Manager Officer Tiếng Nhật / JLPT N2 Or Higher） | OTHER_IT
2026-03-29 02:43:49,067 [INFO]   [29/60] [OK] IT Business Analyst
2026-03-29 02:43:49,266 [INFO]   [19/68] [OK] Trợ Lý Dự Án/ Project Assistant | DATA
2026-03-29 02:44:10,981 [INFO]   [20/68] [OK] Ecommerce QA and Launch Lead | DATA
2026-03-29 02:44:11,043 [INFO]   [30/60] [OK] Quality Assurance Coordinator (prefer live in Haiphong or Hai Duong)
2026-03-29 02:44:11,245 [INFO]   [21/68] [OK] Kỹ Sư IQC - Tiếng Trung Giao Tiếp + Đọc Hiểu Tốt | DATA
2026-03-29 02:44:11,619 [INFO]   [31/60] [OK] Manual Tester (Japaneses)
2026-03-29 02:44:11,902 [INFO]   [22/68] [OK] Product Manager (AI QA/QC Systems) | DATA
2026-03-29 02:44:15,165 [ERROR] Detail error https://www.vietnamworks.com/manager-it-audit-digital-trust-in-hcmc-office-2012946-jv: HTTPConnectionPool(host='localhost', port=52803): Read timed out. (read timeout=120)
2026-03-29 02:44:34,266 [INFO]   [23/68] [OK] Senior QC (Automation) | DATA
2026-03-29 02:44:35,775 [INFO]   [32/60] [OK] [Internship Program] Automation Tester Intern (Selenium)
2026-03-29 02:44:36,211 [INFO]   [24/68] [OK] Test Engineer | DATA
2026-03-29 02:44:36,258 [INFO]   [33/60] [OK] Kỹ Sư Phần Cứng/hardware Engineer
2026-03-29 02:44:48,766 [ERROR] Detail error https://www.vietnamworks.com/business-analyst-support-he-thong-noi-bo-2029703-jv: HTTPConnectionPool(host='localhost', port=55530): Read timed out. (read timeout=120)
2026-03-29 02:44:48,801 [ERROR] Detail error https://www.vietnamworks.com/test-engineer--2026739-jv: HTTPConnectionPool(host='localhost', port=55538): Read timed out. (read timeout=120)
2026-03-29 02:44:50,033 [ERROR] Detail error https://www.vietnamworks.com/nhan-vien-chat-luong-quality-associate-staff-qas--2025569-jv: HTTPConnectionPool(host='localhost', port=55547): Read timed out. (read timeout=120)
2026-03-29 02:44:55,426 [INFO]   [25/68] [OK] Nhân Viên Chất Lượng Quality Associate Staff (QAS) | DATA
2026-03-29 02:44:56,078 [INFO]   [26/68] [OK] Business Analyst Support (Hệ thống nội bộ) | DATA
2026-03-29 02:44:56,139 [INFO]   [34/60] [OK] Manager/Senior Manager | IT Audit (Digital Trust) in Hanoi Office
2026-03-29 02:44:56,170 [INFO]   [27/68] [OK] Chuyên viên BIM Coordinator | DEVOPS
2026-03-29 02:45:11,681 [INFO]   [35/60] [OK] QA/QC Team Leader
2026-03-29 02:45:13,397 [INFO]   [28/68] [OK] Manual QA Tester (Web Application) | DATA
2026-03-29 02:45:14,271 [INFO]   [29/68] [OK] Automation Tool Developer (Python, Robot Framework - Home Appliance Domain) | BACKEND
2026-03-29 02:45:14,626 [INFO]   [36/60] [OK] Nhân Viên QC (CS)
2026-03-29 02:45:15,492 [INFO]   [30/68] [OK] IT Business Analyst | OTHER_IT
2026-03-29 02:45:39,382 [INFO]   [37/60] [OK] Embedded Software Developer (AUTOSAR Classic) (1 Year contract)
2026-03-29 02:45:39,387 [INFO]   [38/60] [OK] Trưởng Phòng QAC (Khánh Hòa)
2026-03-29 02:45:39,905 [INFO]   [31/68] [OK] Quality Assurance Coordinator (prefer live in Haiphong or Hai Duong) | DATA
2026-03-29 02:45:41,211 [INFO]   [32/68] [OK] Manual Tester (Japaneses) | BACKEND
2026-03-29 02:45:52,007 [ERROR] Detail error https://www.vietnamworks.com/manager-it-audit-digital-trust-in-hcmc-office-2012946-jv: HTTPConnectionPool(host='localhost', port=58324): Read timed out. (read timeout=120)
2026-03-29 02:46:04,959 [INFO]   [39/60] [OK] Trưởng Phòng QA (Tiếng Trung) Có Xe Đưa Đón Từ HN
2026-03-29 02:46:04,974 [INFO]   [40/60] [OK] UX/UI Designer
2026-03-29 02:46:05,269 [INFO]   [33/68] [OK] Kỹ Sư Phần Cứng/hardware Engineer | DATA
2026-03-29 02:46:05,502 [INFO]   [34/68] [OK] [Internship Program] Automation Tester Intern (Selenium) | DATA
2026-03-29 02:46:15,209 [WARNING] Retrying (Retry(total=2, connect=None, read=None, redirect=None, status=None)) after connection broken by 'ReadTimeoutError("HTTPConnectionPool(host='localhost', port=52803): Read timed out. (read timeout=120)")': /session/bb64dbc9384a4a361db17a075121907c
2026-03-29 02:46:22,742 [INFO]   [41/60] [OK] 50 Test Engineer
2026-03-29 02:46:22,774 [INFO]   [35/68] [OK] Nhân Viên QC (CS) | OTHER_IT
2026-03-29 02:46:23,208 [INFO]   [42/60] [OK] Kỹ Sư Phần Mềm Tự Động Hóa
2026-03-29 02:46:25,025 [INFO]   [36/68] [OK] Manager/Senior Manager | IT Audit (Digital Trust) in Hanoi Office | OTHER_IT
2026-03-29 02:46:39,172 [INFO]   [37/68] [OK] Trưởng Phòng QAC (Khánh Hòa) | DATA
2026-03-29 02:46:39,374 [INFO]   [43/60] [OK] Lead Software Tester - Automation & AI Testing (1-Year Contractor)
2026-03-29 02:46:39,763 [INFO]   [44/60] [OK] Quality Assurance Manager
2026-03-29 02:46:44,447 [INFO]   [38/68] [OK] Embedded Software Developer (AUTOSAR Classic) (1 Year contract) | DATA
2026-03-29 02:46:48,774 [WARNING] Retrying (Retry(total=2, connect=None, read=None, redirect=None, status=None)) after connection broken by 'ReadTimeoutError("HTTPConnectionPool(host='localhost', port=55530): Read timed out. (read timeout=120)")': /session/22cb9feab54428e95c438af5048fb758
2026-03-29 02:46:48,899 [WARNING] Retrying (Retry(total=2, connect=None, read=None, redirect=None, status=None)) after connection broken by 'ReadTimeoutError("HTTPConnectionPool(host='localhost', port=55538): Read timed out. (read timeout=120)")': /session/256453ba406965a36907426b7cd83b7b
2026-03-29 02:46:50,119 [WARNING] Retrying (Retry(total=2, connect=None, read=None, redirect=None, status=None)) after connection broken by 'ReadTimeoutError("HTTPConnectionPool(host='localhost', port=55547): Read timed out. (read timeout=120)")': /session/3513d711703e30a1202172851a7aac66
2026-03-29 02:47:00,345 [INFO]   [45/60] [OK] Associate - Software QA Analyst
2026-03-29 02:47:02,531 [INFO]   [46/60] [OK] Chuyên Gia Phát Triển Sản Phẩm Số KHCN (Product Owner)
2026-03-29 02:47:02,726 [INFO]   [39/68] [OK] Trưởng Phòng QA (Tiếng Trung) Có Xe Đưa Đón Từ HN | DATA
2026-03-29 02:47:07,478 [INFO]   [40/68] [OK] UX/UI Designer | BACKEND
2026-03-29 02:47:17,145 [INFO]   [47/60] [OK] Senior Embedded Software Engineer (Parking System, ADAS) (Japanese Speaking)
2026-03-29 02:47:18,403 [ERROR] Worker failed: 'description'
2026-03-29 02:47:18,901 [INFO]   [41/68] [OK] 50 Test Engineer | DATA
2026-03-29 02:47:18,964 [INFO]     [SKIP] Final Filter (Non-IT): Kỹ Sư Trắc Đạc (Lương 20 -26 Triệu/ Tháng)
2026-03-29 02:47:22,847 [INFO]   [42/68] [OK] Kỹ Sư Phần Mềm Tự Động Hóa | OTHER_IT
2026-03-29 02:47:38,868 [INFO]   [43/68] [OK] Lead Software Tester - Automation & AI Testing (1-Year Contractor) | DATA
2026-03-29 02:47:38,930 [INFO]     [SKIP] Final Filter (Non-IT): Tuyển Nữ - Nhân Viên Kế Toán Lương Upto 13 Triệu/tháng
2026-03-29 02:47:39,308 [INFO]     [SKIP] Final Filter (Non-IT): Sales Supervisor – Medical Equipment
2026-03-29 02:47:40,377 [INFO]     [SKIP] Final Filter (Non-IT): Industrial Sales Executive (Chinese Speaking) | Hai Phong & Hai Duong
2026-03-29 02:47:43,603 [ERROR] Detail error https://www.vietnamworks.com/qaqc-team-leader-2023779-jv: HTTPConnectionPool(host='localhost', port=54072): Read timed out. (read timeout=120)
2026-03-29 02:47:52,079 [WARNING] Retrying (Retry(total=2, connect=None, read=None, redirect=None, status=None)) after connection broken by 'ReadTimeoutError("HTTPConnectionPool(host='localhost', port=58324): Read timed out. (read timeout=120)")': /session/12cc8c13f94c50549e4ee729231ef519
2026-03-29 02:47:57,206 [INFO]   [44/68] [OK] Quality Assurance Manager | DATA
2026-03-29 02:47:57,408 [INFO]   [45/68] [OK] Associate - Software QA Analyst | QA
2026-03-29 02:47:57,651 [INFO]     [SKIP] Final Filter (Non-IT): Kế Toán Tổng Hợp
2026-03-29 02:47:57,667 [INFO]     [SKIP] Final Filter (Non-IT): Nhân Viên Thiết Kế Thời Trang
2026-03-29 02:47:58,084 [ERROR] Worker failed: 'description'
2026-03-29 02:47:58,328 [ERROR] Worker failed: 'description'
2026-03-29 02:47:58,357 [ERROR] Worker failed: 'description'
2026-03-29 02:48:23,449 [INFO]   [47/68] [OK] Chuyên Gia Phát Triển Sản Phẩm Số KHCN (Product Owner) | DATA
2026-03-29 02:48:23,852 [INFO]     [SKIP] Final Filter (Non-IT): Tuyển Dụng Nhân Viên Kinh Doanh
2026-03-29 02:48:24,009 [INFO]     [SKIP] Final Filter (Non-IT): Chuyên Viên Kinh Doanh Nhựa Công Nghiệp – Lương Cứng Upto 17 Triệu + Thưởng Doanh Số, Hoa Hồng
2026-03-29 02:48:24,338 [INFO]     [SKIP] Non-IT: Kỹ Sư Trắc Đạc (Lương 20 -26 Triệu/ Tháng)
2026-03-29 02:48:24,490 [INFO]   [49/68] [OK] Senior Embedded Software Engineer (Parking System, ADAS) (Japanese Speaking) | DATA
2026-03-29 02:48:24,597 [INFO]     [SKIP] Final Filter (Non-IT): Kế Toán Tổng Hợp (General Accountant)
2026-03-29 02:48:24,973 [INFO]     [SKIP] Final Filter (Non-IT): Nhân Viên Kinh Doanh (Không Yêu Cầu Kinh Nghiệm)
2026-03-29 02:48:25,002 [INFO] [SAVE] Added 47 new IT jobs to data\vnworks_it_full.csv
2026-03-29 02:48:25,008 [INFO] --- Searching for keyword: QA ---
2026-03-29 02:48:25,009 [INFO] >> Phase 1: Collecting jobs for 'QA' (QA)
2026-03-29 02:48:38,716 [INFO]     [SKIP] Non-IT: Tuyển Nữ - Nhân Viên Kế Toán Lương Upto 13 Triệu/tháng
2026-03-29 02:48:39,163 [INFO]     [SKIP] Non-IT: Industrial Sales Executive (Chinese Speaking) | Hai Phong & Hai Duong
2026-03-29 02:48:40,049 [INFO]     [SKIP] Non-IT: Sales Supervisor – Medical Equipment
2026-03-29 02:48:41,888 [INFO]   Page 1: found 52 jobs. New items: 2
2026-03-29 02:48:52,012 [INFO]   Page 2: found 38 jobs. New items: 1
2026-03-29 02:48:53,316 [INFO]     [SKIP] Non-IT: Nhân Viên Thiết Kế Thời Trang
2026-03-29 02:48:54,837 [INFO]     [SKIP] Non-IT: Kế Toán Tổng Hợp
2026-03-29 02:48:55,190 [INFO]     [SKIP] Non-IT: Tuyển Dụng Nhân Viên Kinh Doanh
2026-03-29 02:48:55,464 [ERROR] Worker failed: 'description'
2026-03-29 02:48:59,857 [INFO]   Page 3: found 26 jobs. New items: 10
2026-03-29 02:49:09,241 [INFO]   Page 4: found 26 jobs. New items: 5
2026-03-29 02:49:10,905 [INFO]     [SKIP] Non-IT: Chuyên Viên Kinh Doanh Nhựa Công Nghiệp – Lương Cứng Upto 17 Triệu + Thưởng Doanh Số, Hoa Hồng
2026-03-29 02:49:11,486 [INFO]     [SKIP] Non-IT: Kế Toán Tổng Hợp (General Accountant)
2026-03-29 02:49:12,121 [INFO]   [59/68] [OK] Product Compliance Engineer | DATA
2026-03-29 02:49:12,189 [INFO]     [SKIP] Non-IT: Nhân Viên Kinh Doanh (Không Yêu Cầu Kinh Nghiệm)
2026-03-29 02:49:17,931 [INFO]   Page 5: found 26 jobs. New items: 0
2026-03-29 02:49:28,431 [INFO]   Page 6: found 26 jobs. New items: 3
2026-03-29 02:49:29,112 [INFO]   [61/68] [OK] [Hà Nội] Quality Management Supervisor | OTHER_IT
2026-03-29 02:49:30,147 [INFO]   [62/68] [OK] Kỹ Sư Quản Lý Chất Lượng (QA/QC) | DATA
2026-03-29 02:49:30,205 [INFO]   [63/68] [OK] Trưởng Nhóm Quản Lý Chất Lượng | OTHER_IT
2026-03-29 02:49:30,861 [INFO]   [64/68] [OK] Nhân Viên Pháp Chế | OTHER_IT
2026-03-29 02:49:35,941 [INFO]   Page 7: found 26 jobs. New items: 4
2026-03-29 02:49:42,556 [INFO]   [65/68] [OK] Nhân Viên Phòng QA ( Qaスタッフ) | QA
2026-03-29 02:49:43,804 [WARNING] Retrying (Retry(total=2, connect=None, read=None, redirect=None, status=None)) after connection broken by 'ReadTimeoutError("HTTPConnectionPool(host='localhost', port=54072): Read timed out. (read timeout=120)")': /session/3cc1751c6ef5c9ac73d045fc41e49926
2026-03-29 02:49:43,929 [INFO]   Page 8: found 26 jobs. New items: 0
2026-03-29 02:49:43,997 [INFO]     [SKIP] Non-IT: Apparel Development Merchandiser (Chuyên Viên Phát Triển Sản Phẩm và Quản Lý Chất Lượng Hàng May Mặc)
2026-03-29 02:49:44,249 [INFO]   [67/68] [OK] Chemical Lab Manager | DATA
2026-03-29 02:49:50,620 [INFO]   Page 9: found 26 jobs. New items: 0
2026-03-29 02:49:57,544 [INFO]   Page 10: found 26 jobs. New items: 0
2026-03-29 02:50:12,763 [INFO]   [1/25] [OK] Manager IT Audit (Digital Trust) in HCMC Office
2026-03-29 02:50:13,182 [INFO]   [2/25] [OK] Nhân Viên Chất Lượng Quality Associate Staff (QAS)
2026-03-29 02:50:13,390 [INFO]     [SKIP] Final Filter (Non-IT): Kỹ Sư Trắc Đạc (Lương 20 -26 Triệu/ Tháng)
2026-03-29 02:50:13,626 [INFO]   [4/25] [OK] Business Analyst Support (Hệ thống nội bộ)
2026-03-29 02:50:13,811 [INFO]     [SKIP] Final Filter (Non-IT): Tuyển Nữ - Nhân Viên Kế Toán Lương Upto 13 Triệu/tháng
2026-03-29 02:50:28,804 [INFO]     [SKIP] Final Filter (Non-IT): Industrial Sales Executive (Chinese Speaking) | Hai Phong & Hai Duong
2026-03-29 02:50:29,965 [INFO]     [SKIP] Final Filter (Non-IT): Tuyển Dụng Nhân Viên Kinh Doanh
2026-03-29 02:50:30,213 [INFO]     [SKIP] Final Filter (Non-IT): Kế Toán Tổng Hợp
2026-03-29 02:50:30,215 [INFO]     [SKIP] Final Filter (Non-IT): Nhân Viên Thiết Kế Thời Trang
2026-03-29 02:50:33,138 [INFO]     [SKIP] Final Filter (Non-IT): Sales Supervisor – Medical Equipment
2026-03-29 02:50:45,467 [INFO]     [SKIP] Final Filter (Non-IT): Chuyên Viên Kinh Doanh Nhựa Công Nghiệp – Lương Cứng Upto 17 Triệu + Thưởng Doanh Số, Hoa Hồng
2026-03-29 02:50:46,549 [INFO]     [SKIP] Final Filter (Non-IT): Kế Toán Tổng Hợp (General Accountant)
2026-03-29 02:50:46,741 [ERROR] Worker failed: 'description'
2026-03-29 02:50:46,755 [INFO] [SAVE] +53 jobs for keyword 'Tester' → data\vnworks_it_full.csv
2026-03-29 02:50:46,949 [INFO]   [13/25] [OK] Nhân Viên Thí Nghiệm (Phòng Las) - Dự Án Sân Bay Gia Bình
2026-03-29 02:50:48,644 [INFO]   [QA][QA] Page 1: https://www.vietnamworks.com/viec-lam?g=5&q=QA&page=1
2026-03-29 02:50:49,035 [INFO]     [SKIP] Final Filter (Non-IT): Nhân Viên Kinh Doanh (Không Yêu Cầu Kinh Nghiệm)
2026-03-29 02:50:49,362 [INFO]   [15/25] [OK] Supplier Quality Engineer
2026-03-29 02:51:02,720 [INFO]   [16/25] [OK] Quality Engineer
2026-03-29 02:51:03,236 [INFO]     [SKIP] Final Filter (Non-IT): Kế Toán Tổng Hợp
2026-03-29 02:51:03,574 [INFO]     [SKIP] Final Filter (Non-IT): Giám Sát Sản Xuất (Bộ Phận Dập Nguội/ Cán Ren)
2026-03-29 02:51:03,928 [INFO]     52 scraped, 1 new (total collected: 1)
2026-03-29 02:51:03,929 [INFO]   [QA][QA] Page 2: https://www.vietnamworks.com/viec-lam?g=5&q=QA&page=2
2026-03-29 02:51:05,988 [INFO]   [19/25] [OK] Phó Phòng Kỹ Thuật Công Đoạn SMT
2026-03-29 02:51:17,054 [INFO]     38 scraped, 0 new (total collected: 1)
2026-03-29 02:51:17,087 [INFO]   [QA][QA] Page 3: https://www.vietnamworks.com/viec-lam?g=5&q=QA&page=3
2026-03-29 02:51:26,478 [INFO]   [20/25] [OK] Nhân Viên Phòng QA ( Qaスタッフ)
2026-03-29 02:51:26,583 [INFO]     26 scraped, 15 new (total collected: 16)
2026-03-29 02:51:26,584 [INFO]   [QA][QA] Page 4: https://www.vietnamworks.com/viec-lam?g=5&q=QA&page=4
2026-03-29 02:51:26,760 [INFO]     [SKIP] Final Filter (Non-IT): Tổ Trưởng Sản Xuất - Leader Production
2026-03-29 02:51:26,834 [INFO]   [22/25] [OK] Technical Engineering Engineer
2026-03-29 02:51:26,881 [INFO]   [23/25] [OK] Nhân Viên Pháp Chế
2026-03-29 02:51:27,941 [INFO]     [SKIP] Final Filter (Non-IT): Apparel Development Merchandiser (Chuyên Viên Phát Triển Sản Phẩm và Quản Lý Chất Lượng Hàng May Mặc)
2026-03-29 02:51:34,293 [INFO]     26 scraped, 0 new (total collected: 16)
2026-03-29 02:51:34,294 [INFO]   [QA][QA] Page 5: https://www.vietnamworks.com/viec-lam?g=5&q=QA&page=5
2026-03-29 02:51:38,752 [INFO]   [25/25] [OK] Chemical Lab Manager
2026-03-29 02:51:38,764 [INFO] [SAVE] Added 11 new IT jobs to data\vnworks_it_full.csv
2026-03-29 02:51:38,770 [INFO] --- Searching for keyword: Automation Test ---
2026-03-29 02:51:38,771 [INFO] >> Phase 1: Collecting jobs for 'Automation Test' (QA)
2026-03-29 02:51:40,930 [INFO]     26 scraped, 0 new (total collected: 16)
2026-03-29 02:51:40,931 [INFO]   [QA][QA] Page 6: https://www.vietnamworks.com/viec-lam?g=5&q=QA&page=6
2026-03-29 02:51:47,759 [INFO]     26 scraped, 0 new (total collected: 16)
2026-03-29 02:51:47,760 [INFO]   [QA][QA] Page 7: https://www.vietnamworks.com/viec-lam?g=5&q=QA&page=7
2026-03-29 02:51:48,752 [INFO]   Page 1: found 21 jobs. New items: 0
2026-03-29 02:51:54,319 [INFO]     26 scraped, 0 new (total collected: 16)
2026-03-29 02:51:54,320 [INFO]   [QA][QA] Page 8: https://www.vietnamworks.com/viec-lam?g=5&q=QA&page=8
2026-03-29 02:51:55,405 [INFO]   Page 2: found 21 jobs. New items: 10
2026-03-29 02:52:01,342 [INFO]     26 scraped, 0 new (total collected: 16)
2026-03-29 02:52:01,343 [INFO]   [QA][QA] Page 9: https://www.vietnamworks.com/viec-lam?g=5&q=QA&page=9
2026-03-29 02:52:01,494 [INFO]   Page 3: found 21 jobs. New items: 0
2026-03-29 02:52:07,697 [INFO]   Page 4: found 21 jobs. New items: 0
2026-03-29 02:52:09,072 [INFO]     26 scraped, 0 new (total collected: 16)
2026-03-29 02:52:09,073 [INFO]   [QA][QA] Page 10: https://www.vietnamworks.com/viec-lam?g=5&q=QA&page=10
2026-03-29 02:52:14,164 [INFO]   Page 5: found 21 jobs. New items: 0
2026-03-29 02:52:15,585 [INFO]     26 scraped, 0 new (total collected: 16)
2026-03-29 02:52:18,115 [INFO]   Collected 16 URLs for 'QA'. Starting detail extraction...
2026-03-29 02:52:20,364 [INFO]   Page 6: found 21 jobs. New items: 0
2026-03-29 02:52:28,618 [INFO]   Page 7: found 21 jobs. New items: 0
2026-03-29 02:52:36,109 [INFO]     [SKIP] Non-IT: Kế Toán Tổng Hợp
2026-03-29 02:52:36,620 [INFO]   Page 8: found 21 jobs. New items: 0
2026-03-29 02:52:37,600 [INFO]   [2/16] [OK] Supplier Quality Engineer | DATA
2026-03-29 02:52:37,662 [INFO]   [3/16] [OK] Quality Engineer | DATA
2026-03-29 02:52:37,894 [INFO]   [4/16] [OK] Manager IT Audit (Digital Trust) in HCMC Office | OTHER_IT
2026-03-29 02:52:37,939 [INFO]   [5/16] [OK] Nhân Viên Thí Nghiệm (Phòng Las) - Dự Án Sân Bay Gia Bình | OTHER_IT
2026-03-29 02:52:46,520 [INFO]   Page 9: found 21 jobs. New items: 0
2026-03-29 02:52:53,712 [INFO]     [SKIP] Non-IT: Giám Sát Sản Xuất (Bộ Phận Dập Nguội/ Cán Ren)
2026-03-29 02:52:54,079 [INFO]     [SKIP] Non-IT: Kỹ Sư Trắc Đạc (Lương 20 -26 Triệu/ Tháng)
2026-03-29 02:52:54,348 [INFO]   Page 10: found 21 jobs. New items: 0
2026-03-29 02:52:54,988 [INFO]     [SKIP] Non-IT: Tuyển Nữ - Nhân Viên Kế Toán Lương Upto 13 Triệu/tháng
2026-03-29 02:52:55,400 [INFO]     [SKIP] Non-IT: Industrial Sales Executive (Chinese Speaking) | Hai Phong & Hai Duong
2026-03-29 02:53:43,619 [INFO]     [SKIP] Final Filter (Non-IT): Tuyển Nữ - Nhân Viên Kế Toán Lương Upto 13 Triệu/tháng
2026-03-29 02:53:44,083 [INFO]     [SKIP] Non-IT: Tuyển Dụng Nhân Viên Kinh Doanh
2026-03-29 02:53:44,206 [INFO]     [SKIP] Final Filter (Non-IT): Nhân Viên Thiết Kế Thời Trang
2026-03-29 02:53:44,263 [INFO]     [SKIP] Non-IT: Nhân Viên Thiết Kế Thời Trang
2026-03-29 02:53:44,356 [INFO]     [SKIP] Non-IT: Sales Supervisor – Medical Equipment
2026-03-29 02:53:44,403 [INFO]     [SKIP] Non-IT: Kế Toán Tổng Hợp
2026-03-29 02:53:44,670 [INFO]     [SKIP] Non-IT: Chuyên Viên Kinh Doanh Nhựa Công Nghiệp – Lương Cứng Upto 17 Triệu + Thưởng Doanh Số, Hoa Hồng
2026-03-29 02:53:44,670 [INFO]     [SKIP] Final Filter (Non-IT): Sales Supervisor – Medical Equipment
2026-03-29 02:54:01,940 [INFO]     [SKIP] Final Filter (Non-IT): Kế Toán Tổng Hợp
2026-03-29 02:54:02,097 [INFO]     [SKIP] Non-IT: Kế Toán Tổng Hợp (General Accountant)
2026-03-29 02:54:02,434 [INFO]     [SKIP] Non-IT: Nhân Viên Kinh Doanh (Không Yêu Cầu Kinh Nghiệm)
2026-03-29 02:54:02,443 [INFO] [SAVE] +4 jobs for keyword 'QA' → data\vnworks_it_full.csv
2026-03-29 02:54:02,450 [INFO]     [SKIP] Final Filter (Non-IT): Tuyển Dụng Nhân Viên Kinh Doanh
2026-03-29 02:54:03,121 [INFO]     [SKIP] Final Filter (Non-IT): Chuyên Viên Kinh Doanh Nhựa Công Nghiệp – Lương Cứng Upto 17 Triệu + Thưởng Doanh Số, Hoa Hồng
2026-03-29 02:54:03,903 [INFO]   [QA][Automation Test] Page 1: https://www.vietnamworks.com/viec-lam?g=5&q=Automation Test&page=1
2026-03-29 02:54:14,583 [INFO]     [SKIP] Final Filter (Non-IT): Kế Toán Tổng Hợp (General Accountant)
2026-03-29 02:54:14,959 [INFO]     21 scraped, 0 new (total collected: 0)
2026-03-29 02:54:14,959 [INFO]   [QA][Automation Test] Page 2: https://www.vietnamworks.com/viec-lam?g=5&q=Automation Test&page=2
2026-03-29 02:54:15,233 [INFO]     [SKIP] Final Filter (Non-IT): Nhân Viên Kinh Doanh (Không Yêu Cầu Kinh Nghiệm)
2026-03-29 02:54:21,827 [INFO]     21 scraped, 10 new (total collected: 10)
2026-03-29 02:54:21,827 [INFO]   [QA][Automation Test] Page 3: https://www.vietnamworks.com/viec-lam?g=5&q=Automation Test&page=3
2026-03-29 02:54:28,350 [INFO]     21 scraped, 0 new (total collected: 10)
2026-03-29 02:54:28,350 [INFO]   [QA][Automation Test] Page 4: https://www.vietnamworks.com/viec-lam?g=5&q=Automation Test&page=4
2026-03-29 02:54:34,877 [INFO]     21 scraped, 0 new (total collected: 10)
2026-03-29 02:54:34,878 [INFO]   [QA][Automation Test] Page 5: https://www.vietnamworks.com/viec-lam?g=5&q=Automation Test&page=5
2026-03-29 02:54:41,314 [INFO]     21 scraped, 0 new (total collected: 10)
2026-03-29 02:54:41,315 [INFO]   [QA][Automation Test] Page 6: https://www.vietnamworks.com/viec-lam?g=5&q=Automation Test&page=6
2026-03-29 02:54:47,943 [INFO]     21 scraped, 0 new (total collected: 10)
2026-03-29 02:54:47,944 [INFO]   [QA][Automation Test] Page 7: https://www.vietnamworks.com/viec-lam?g=5&q=Automation Test&page=7
2026-03-29 02:54:54,637 [INFO]     21 scraped, 0 new (total collected: 10)
2026-03-29 02:54:54,638 [INFO]   [QA][Automation Test] Page 8: https://www.vietnamworks.com/viec-lam?g=5&q=Automation Test&page=8
2026-03-29 02:55:01,127 [INFO]     21 scraped, 0 new (total collected: 10)
2026-03-29 02:55:01,127 [INFO]   [QA][Automation Test] Page 9: https://www.vietnamworks.com/viec-lam?g=5&q=Automation Test&page=9
2026-03-29 02:55:02,025 [ERROR] Detail error https://www.vietnamworks.com/industrial-sales-executive-chinese-speaking-or-hai-phong-and-hai-duong-2018942-jv/: HTTPConnectionPool(host='localhost', port=51789): Read timed out. (read timeout=120)
2026-03-29 02:55:02,673 [ERROR] Detail error https://www.vietnamworks.com/ky-su-trac-dac-luong-20-26-trieu-thang-2016768-jv/: HTTPConnectionPool(host='localhost', port=59587): Read timed out. (read timeout=120)
2026-03-29 02:55:07,271 [INFO]     21 scraped, 0 new (total collected: 10)
2026-03-29 02:55:07,272 [INFO]   [QA][Automation Test] Page 10: https://www.vietnamworks.com/viec-lam?g=5&q=Automation Test&page=10
2026-03-29 02:55:13,898 [INFO]     21 scraped, 0 new (total collected: 10)
2026-03-29 02:55:16,219 [INFO]   Collected 10 URLs for 'Automation Test'. Starting detail extraction...
2026-03-29 02:55:29,308 [INFO]     [SKIP] Non-IT: Sales Supervisor – Medical Equipment
2026-03-29 02:55:30,366 [INFO]     [SKIP] Non-IT: Industrial Sales Executive (Chinese Speaking) | Hai Phong & Hai Duong
2026-03-29 02:55:30,710 [INFO]     [SKIP] Non-IT: Tuyển Nữ - Nhân Viên Kế Toán Lương Upto 13 Triệu/tháng
2026-03-29 02:55:30,804 [INFO]     [SKIP] Non-IT: Nhân Viên Thiết Kế Thời Trang
2026-03-29 02:55:30,989 [INFO]     [SKIP] Non-IT: Kỹ Sư Trắc Đạc (Lương 20 -26 Triệu/ Tháng)
2026-03-29 02:55:42,408 [INFO]     [SKIP] Non-IT: Kế Toán Tổng Hợp
2026-03-29 02:55:42,824 [INFO]     [SKIP] Non-IT: Tuyển Dụng Nhân Viên Kinh Doanh
2026-03-29 02:55:44,524 [INFO]     [SKIP] Non-IT: Nhân Viên Kinh Doanh (Không Yêu Cầu Kinh Nghiệm)
2026-03-29 02:55:44,773 [INFO]     [SKIP] Non-IT: Kế Toán Tổng Hợp (General Accountant)
2026-03-29 02:55:44,960 [INFO]     [SKIP] Non-IT: Chuyên Viên Kinh Doanh Nhựa Công Nghiệp – Lương Cứng Upto 17 Triệu + Thưởng Doanh Số, Hoa Hồng
2026-03-29 02:55:44,963 [INFO] 
[CAT] EMBEDDED: searching ['Embedded', 'IoT', 'Firmware']
2026-03-29 02:55:46,350 [INFO]   [EMBEDDED][Embedded] Page 1: https://www.vietnamworks.com/viec-lam?g=5&q=Embedded&page=1
2026-03-29 02:55:55,638 [INFO]     23 scraped, 14 new (total collected: 14)
2026-03-29 02:55:55,638 [INFO]   [EMBEDDED][Embedded] Page 2: https://www.vietnamworks.com/viec-lam?g=5&q=Embedded&page=2
2026-03-29 02:56:02,421 [INFO]     21 scraped, 10 new (total collected: 24)
2026-03-29 02:56:02,421 [INFO]   [EMBEDDED][Embedded] Page 3: https://www.vietnamworks.com/viec-lam?g=5&q=Embedded&page=3
2026-03-29 02:56:08,343 [INFO]     21 scraped, 0 new (total collected: 24)
2026-03-29 02:56:08,345 [INFO]   [EMBEDDED][Embedded] Page 4: https://www.vietnamworks.com/viec-lam?g=5&q=Embedded&page=4
2026-03-29 02:56:15,024 [INFO]     21 scraped, 0 new (total collected: 24)
2026-03-29 02:56:15,026 [INFO]   [EMBEDDED][Embedded] Page 5: https://www.vietnamworks.com/viec-lam?g=5&q=Embedded&page=5
2026-03-29 02:56:21,645 [INFO]     21 scraped, 0 new (total collected: 24)
2026-03-29 02:56:21,646 [INFO]   [EMBEDDED][Embedded] Page 6: https://www.vietnamworks.com/viec-lam?g=5&q=Embedded&page=6
2026-03-29 02:56:28,185 [INFO]     21 scraped, 0 new (total collected: 24)
2026-03-29 02:56:28,187 [INFO]   [EMBEDDED][Embedded] Page 7: https://www.vietnamworks.com/viec-lam?g=5&q=Embedded&page=7
2026-03-29 02:56:34,842 [INFO]     21 scraped, 0 new (total collected: 24)
2026-03-29 02:56:34,844 [INFO]   [EMBEDDED][Embedded] Page 8: https://www.vietnamworks.com/viec-lam?g=5&q=Embedded&page=8
2026-03-29 02:56:41,659 [INFO]     21 scraped, 0 new (total collected: 24)
2026-03-29 02:56:41,662 [INFO]   [EMBEDDED][Embedded] Page 9: https://www.vietnamworks.com/viec-lam?g=5&q=Embedded&page=9
2026-03-29 02:56:47,942 [INFO]     21 scraped, 0 new (total collected: 24)
2026-03-29 02:56:47,943 [INFO]   [EMBEDDED][Embedded] Page 10: https://www.vietnamworks.com/viec-lam?g=5&q=Embedded&page=10
2026-03-29 02:56:54,745 [INFO]     21 scraped, 0 new (total collected: 24)
2026-03-29 02:56:57,190 [INFO]   Collected 24 URLs for 'Embedded'. Starting detail extraction...
2026-03-29 02:57:02,041 [WARNING] Retrying (Retry(total=2, connect=None, read=None, redirect=None, status=None)) after connection broken by 'ReadTimeoutError("HTTPConnectionPool(host='localhost', port=51789): Read timed out. (read timeout=120)")': /session/cdc277a154d2766f0127482b80e5628b
2026-03-29 02:57:02,688 [WARNING] Retrying (Retry(total=2, connect=None, read=None, redirect=None, status=None)) after connection broken by 'ReadTimeoutError("HTTPConnectionPool(host='localhost', port=59587): Read timed out. (read timeout=120)")': /session/baef15c5dac7ab74743b7286fb3fa7d5
2026-03-29 02:57:10,813 [INFO]   [1/24] [OK] C & C++ Software Engineer (Ha Noi & Hai Phong) | DATA
2026-03-29 02:57:11,113 [INFO]   [2/24] [OK] Senior Embedded Software Engineer (C/c++/autosar) | DATA
2026-03-29 02:57:11,335 [INFO]   [3/24] [OK] Kỹ Sư Phầm Mềm Nhúng | OTHER_IT
2026-03-29 02:57:11,598 [INFO]   [4/24] [OK] Autonomous Vessel Software Engineer (Ha Noi & Hai Phong) | DATA
2026-03-29 02:57:11,982 [INFO]   [5/24] [OK] Embedded Software Engineer High-Power Applications (Ha Noi & Hai Phong) | DATA
2026-03-29 02:57:23,801 [INFO]   [6/24] [OK] Kỹ Sư Phần Mềm Nhúng MCU | DATA
2026-03-29 02:57:24,348 [INFO]   [7/24] [OK] Embedded Control Engineer | BACKEND
2026-03-29 02:57:24,533 [INFO]   [8/24] [OK] Embedded Software Engineer (MCU, Bluetooth) | EMBEDDED
2026-03-29 02:57:25,820 [INFO]   [9/24] [OK] [Internship Program] Embedded Software Intern (C/C++/Linux) | EMBEDDED
2026-03-29 02:57:26,002 [INFO]   [10/24] [OK] Trợ Lý Số & AI Cho CEO / Anh Chị Quản Lý Cấp Cao, Những Người Đã Hiểu Sâu Về Digital, Data và AI | BACKEND
2026-03-29 02:57:39,852 [INFO]   [11/24] [OK] Embedded Software Engineer (Chinese Speaking) | DATA
2026-03-29 02:57:40,337 [INFO]   [12/24] [OK] Embedded Project Manager (Japanese Or Chinese Speaking) | DATA
2026-03-29 02:57:42,233 [INFO]   [13/24] [OK] Embedded Software Project Manager (ADAS) (Japanese Speaking) | DATA
2026-03-29 02:57:44,397 [INFO]   [14/24] [OK] Kỹ Sư Lập Trình Nhúng Lương Từ 12 Triệu/tháng | EMBEDDED
2026-03-29 02:57:45,009 [INFO]     [SKIP] Non-IT: Kỹ Sư Trắc Đạc (Lương 20 -26 Triệu/ Tháng)
2026-03-29 02:57:57,162 [INFO]     [SKIP] Non-IT: Sales Supervisor – Medical Equipment
2026-03-29 02:57:57,350 [INFO]     [SKIP] Non-IT: Tuyển Nữ - Nhân Viên Kế Toán Lương Upto 13 Triệu/tháng
2026-03-29 02:57:57,767 [INFO]     [SKIP] Non-IT: Industrial Sales Executive (Chinese Speaking) | Hai Phong & Hai Duong
2026-03-29 02:57:59,269 [INFO]     [SKIP] Non-IT: Nhân Viên Thiết Kế Thời Trang
2026-03-29 02:58:05,496 [INFO]     [SKIP] Non-IT: Kế Toán Tổng Hợp
2026-03-29 02:58:08,228 [ERROR] Worker failed: 'description'
2026-03-29 02:58:08,556 [ERROR] Worker failed: 'description'
2026-03-29 02:58:08,574 [INFO] [CAT DONE] QA: total 58 new jobs added.
2026-03-29 02:58:08,575 [INFO] 
[START] Category: EMBEDDED (Searching for keywords)
2026-03-29 02:58:08,577 [INFO] --- Searching for keyword: Embedded ---
2026-03-29 02:58:08,579 [INFO] >> Phase 1: Collecting jobs for 'Embedded' (EMBEDDED)
2026-03-29 02:58:11,056 [INFO]     [SKIP] Non-IT: Tuyển Dụng Nhân Viên Kinh Doanh
2026-03-29 02:58:11,359 [INFO]     [SKIP] Non-IT: Kế Toán Tổng Hợp (General Accountant)
2026-03-29 02:58:11,730 [INFO]     [SKIP] Non-IT: Chuyên Viên Kinh Doanh Nhựa Công Nghiệp – Lương Cứng Upto 17 Triệu + Thưởng Doanh Số, Hoa Hồng
2026-03-29 02:58:13,291 [INFO]     [SKIP] Non-IT: Nhân Viên Kinh Doanh (Không Yêu Cầu Kinh Nghiệm)
2026-03-29 02:58:13,304 [INFO] [SAVE] +14 jobs for keyword 'Embedded' → data\vnworks_it_full.csv
2026-03-29 02:58:14,711 [INFO]   [EMBEDDED][IoT] Page 1: https://www.vietnamworks.com/viec-lam?g=5&q=IoT&page=1
2026-03-29 02:58:18,786 [INFO]   Page 1: found 23 jobs. New items: 14
2026-03-29 02:58:24,064 [INFO]     7 scraped, 2 new (total collected: 2)
2026-03-29 02:58:24,064 [INFO]   [EMBEDDED][IoT] Page 2: https://www.vietnamworks.com/viec-lam?g=5&q=IoT&page=2
2026-03-29 02:58:25,447 [INFO]   Page 2: found 21 jobs. New items: 10
2026-03-29 02:58:31,675 [INFO]     26 scraped, 10 new (total collected: 12)
2026-03-29 02:58:31,676 [INFO]   [EMBEDDED][IoT] Page 3: https://www.vietnamworks.com/viec-lam?g=5&q=IoT&page=3
2026-03-29 02:58:32,035 [INFO]   Page 3: found 21 jobs. New items: 0
2026-03-29 02:58:37,926 [INFO]   Page 4: found 21 jobs. New items: 0
2026-03-29 02:58:38,079 [INFO]     26 scraped, 0 new (total collected: 12)
2026-03-29 02:58:38,080 [INFO]   [EMBEDDED][IoT] Page 4: https://www.vietnamworks.com/viec-lam?g=5&q=IoT&page=4
2026-03-29 02:58:44,253 [INFO]   Page 5: found 21 jobs. New items: 0
2026-03-29 02:58:44,428 [INFO]     26 scraped, 0 new (total collected: 12)
2026-03-29 02:58:44,430 [INFO]   [EMBEDDED][IoT] Page 5: https://www.vietnamworks.com/viec-lam?g=5&q=IoT&page=5
2026-03-29 02:58:50,511 [INFO]   Page 6: found 21 jobs. New items: 0
2026-03-29 02:58:51,210 [INFO]     26 scraped, 0 new (total collected: 12)
2026-03-29 02:58:51,212 [INFO]   [EMBEDDED][IoT] Page 6: https://www.vietnamworks.com/viec-lam?g=5&q=IoT&page=6
2026-03-29 02:58:56,696 [INFO]   Page 7: found 21 jobs. New items: 0
2026-03-29 02:58:57,612 [INFO]     26 scraped, 0 new (total collected: 12)
2026-03-29 02:58:57,613 [INFO]   [EMBEDDED][IoT] Page 7: https://www.vietnamworks.com/viec-lam?g=5&q=IoT&page=7
2026-03-29 02:59:02,879 [INFO]   Page 8: found 21 jobs. New items: 0
2026-03-29 02:59:03,830 [INFO]     26 scraped, 0 new (total collected: 12)
2026-03-29 02:59:03,831 [INFO]   [EMBEDDED][IoT] Page 8: https://www.vietnamworks.com/viec-lam?g=5&q=IoT&page=8
2026-03-29 02:59:09,107 [INFO]   Page 9: found 21 jobs. New items: 0
2026-03-29 02:59:10,086 [INFO]     26 scraped, 0 new (total collected: 12)
2026-03-29 02:59:10,087 [INFO]   [EMBEDDED][IoT] Page 9: https://www.vietnamworks.com/viec-lam?g=5&q=IoT&page=9
2026-03-29 02:59:15,090 [INFO]   Page 10: found 21 jobs. New items: 0
2026-03-29 02:59:16,927 [INFO]     26 scraped, 1 new (total collected: 13)
2026-03-29 02:59:16,927 [INFO]   [EMBEDDED][IoT] Page 10: https://www.vietnamworks.com/viec-lam?g=5&q=IoT&page=10
2026-03-29 02:59:24,511 [INFO]     26 scraped, 0 new (total collected: 13)
2026-03-29 02:59:27,066 [INFO]   Collected 13 URLs for 'IoT'. Starting detail extraction...
2026-03-29 03:00:09,688 [INFO]   [1/24] [OK] C & C++ Software Engineer (Ha Noi & Hai Phong)
2026-03-29 03:00:09,734 [INFO]   [2/24] [OK] Autonomous Vessel Software Engineer (Ha Noi & Hai Phong)
2026-03-29 03:00:10,186 [INFO]   [3/24] [OK] Embedded Software Engineer High-Power Applications (Ha Noi & Hai Phong)
2026-03-29 03:00:10,186 [INFO]     [SKIP] Non-IT: Sales Supervisor – Medical Equipment
2026-03-29 03:00:10,260 [INFO]   [4/24] [OK] Senior Embedded Software Engineer (C/c++/autosar)
2026-03-29 03:00:10,366 [INFO]   [5/24] [OK] Kỹ Sư Phầm Mềm Nhúng
2026-03-29 03:00:10,596 [INFO]   [2/13] [OK] Nhân Viên Kỹ Sư Điện Tử Viễn Thông | DATA
2026-03-29 03:00:10,642 [INFO]     [SKIP] Non-IT: Kỹ Sư Trắc Đạc (Lương 20 -26 Triệu/ Tháng)
2026-03-29 03:00:28,537 [ERROR] Detail error https://www.vietnamworks.com/tuyen-nu-nhan-vien-ke-toan-luong-upto-13-trieu-thang-2003393-jv/: Message: 

2026-03-29 03:00:39,714 [INFO]   [6/24] [OK] Kỹ Sư Phần Mềm Nhúng MCU
2026-03-29 03:00:39,760 [ERROR] Worker failed: 'description'
2026-03-29 03:00:39,915 [INFO]     [SKIP] Non-IT: Industrial Sales Executive (Chinese Speaking) | Hai Phong & Hai Duong
2026-03-29 03:00:40,366 [INFO]   [7/24] [OK] Embedded Control Engineer
2026-03-29 03:00:40,491 [INFO]   [8/24] [OK] Embedded Software Engineer (MCU, Bluetooth)
2026-03-29 03:00:41,104 [INFO]   [6/13] [OK] Kỹ Sư Giải Pháp (Solution Engineer) | BACKEND
2026-03-29 03:01:04,374 [INFO]   [9/24] [OK] Embedded Software Engineer (Chinese Speaking)
2026-03-29 03:01:04,481 [INFO]   [10/24] [OK] Embedded Software Project Manager (ADAS) (Japanese Speaking)
2026-03-29 03:01:04,635 [INFO]     [SKIP] Non-IT: Nhân Viên Thiết Kế Thời Trang
2026-03-29 03:01:04,973 [INFO]   [11/24] [OK] Embedded Project Manager (Japanese Or Chinese Speaking)
2026-03-29 03:01:05,180 [INFO]     [SKIP] Non-IT: Kế Toán Tổng Hợp (General Accountant)
2026-03-29 03:01:32,418 [INFO]     [SKIP] Non-IT: Tuyển Dụng Nhân Viên Kinh Doanh
2026-03-29 03:01:32,652 [INFO]     [SKIP] Non-IT: Nhân Viên Kinh Doanh (Không Yêu Cầu Kinh Nghiệm)
2026-03-29 03:01:33,010 [INFO]     [SKIP] Final Filter (Non-IT): Tuyển Nữ - Nhân Viên Kế Toán Lương Upto 13 Triệu/tháng
2026-03-29 03:01:33,125 [INFO]     [SKIP] Final Filter (Non-IT): Kỹ Sư Trắc Đạc (Lương 20 -26 Triệu/ Tháng)
2026-03-29 03:01:33,651 [INFO]     [SKIP] Non-IT: Chuyên Viên Kinh Doanh Nhựa Công Nghiệp – Lương Cứng Upto 17 Triệu + Thưởng Doanh Số, Hoa Hồng
2026-03-29 03:01:39,191 [INFO]   [12/13] [OK] Chuyên Viên Triển Khai & Vận Hành IoT (Technical Support) | DATA
2026-03-29 03:01:39,283 [INFO]   [14/24] [OK] Kỹ Sư Lập Trình Nhúng Lương Từ 12 Triệu/tháng
2026-03-29 03:01:47,806 [INFO]     [SKIP] Final Filter (Non-IT): Industrial Sales Executive (Chinese Speaking) | Hai Phong & Hai Duong
2026-03-29 03:01:48,010 [INFO]     [SKIP] Final Filter (Non-IT): Sales Supervisor – Medical Equipment
2026-03-29 03:01:51,573 [INFO]     [SKIP] Final Filter (Non-IT): Nhân Viên Thiết Kế Thời Trang
2026-03-29 03:02:00,426 [INFO]     [SKIP] Final Filter (Non-IT): Kế Toán Tổng Hợp
2026-03-29 03:02:00,674 [INFO]     [SKIP] Final Filter (Non-IT): Tuyển Dụng Nhân Viên Kinh Doanh
2026-03-29 03:02:04,077 [INFO]     [SKIP] Final Filter (Non-IT): Chuyên Viên Kinh Doanh Nhựa Công Nghiệp – Lương Cứng Upto 17 Triệu + Thưởng Doanh Số, Hoa Hồng
2026-03-29 03:02:12,047 [INFO]     [SKIP] Final Filter (Non-IT): Kế Toán Tổng Hợp (General Accountant)
2026-03-29 03:02:13,383 [INFO]     [SKIP] Final Filter (Non-IT): Nhân Viên Kinh Doanh (Không Yêu Cầu Kinh Nghiệm)
2026-03-29 03:02:13,565 [ERROR] Detail error https://www.vietnamworks.com/tro-ly-so-and-ai-cho-ceo-anh-chi-quan-ly-cap-cao-nhung-nguoi-dja-hieu-sau-ve-digital-data-va-ai-2024992-jv: HTTPConnectionPool(host='localhost', port=55910): Read timed out. (read timeout=120)
2026-03-29 03:02:13,954 [ERROR] Detail error https://www.vietnamworks.com/ke-toan-tong-hop--2019230-jv/: HTTPConnectionPool(host='localhost', port=55918): Read timed out. (read timeout=120)
2026-03-29 03:04:13,580 [WARNING] Retrying (Retry(total=2, connect=None, read=None, redirect=None, status=None)) after connection broken by 'ReadTimeoutError("HTTPConnectionPool(host='localhost', port=55910): Read timed out. (read timeout=120)")': /session/9926013b24c40ad4a23b2c0f373171b3
2026-03-29 03:04:13,997 [WARNING] Retrying (Retry(total=2, connect=None, read=None, redirect=None, status=None)) after connection broken by 'ReadTimeoutError("HTTPConnectionPool(host='localhost', port=55918): Read timed out. (read timeout=120)")': /session/aaa7ee5e366faa9f315e05d772ec4fec
2026-03-29 03:05:16,094 [ERROR] Worker failed: 'description'
2026-03-29 03:05:16,375 [ERROR] Worker failed: 'description'
2026-03-29 03:05:16,379 [INFO] [SAVE] +3 jobs for keyword 'IoT' → data\vnworks_it_full.csv
2026-03-29 03:05:17,726 [INFO]   [EMBEDDED][Firmware] Page 1: https://www.vietnamworks.com/viec-lam?g=5&q=Firmware&page=1
2026-03-29 03:05:26,326 [INFO]     21 scraped, 10 new (total collected: 10)
2026-03-29 03:05:26,326 [INFO]   [EMBEDDED][Firmware] Page 2: https://www.vietnamworks.com/viec-lam?g=5&q=Firmware&page=2
2026-03-29 03:05:26,372 [INFO]   [24/24] [OK] [Internship Program] Embedded Software Intern (C/C++/Linux)
2026-03-29 03:05:26,390 [INFO] [SAVE] Added 13 new IT jobs to data\vnworks_it_full.csv
2026-03-29 03:05:26,402 [INFO] --- Searching for keyword: IoT ---
2026-03-29 03:05:26,403 [INFO] >> Phase 1: Collecting jobs for 'IoT' (EMBEDDED)
2026-03-29 03:05:32,963 [INFO]     21 scraped, 0 new (total collected: 10)
2026-03-29 03:05:32,966 [INFO]   [EMBEDDED][Firmware] Page 3: https://www.vietnamworks.com/viec-lam?g=5&q=Firmware&page=3
2026-03-29 03:05:36,612 [INFO]   Page 1: found 7 jobs. New items: 0
2026-03-29 03:05:39,516 [INFO]     21 scraped, 0 new (total collected: 10)
2026-03-29 03:05:39,517 [INFO]   [EMBEDDED][Firmware] Page 4: https://www.vietnamworks.com/viec-lam?g=5&q=Firmware&page=4
2026-03-29 03:05:43,709 [INFO]   Page 2: found 26 jobs. New items: 10
2026-03-29 03:05:45,649 [INFO]     21 scraped, 0 new (total collected: 10)
2026-03-29 03:05:45,649 [INFO]   [EMBEDDED][Firmware] Page 5: https://www.vietnamworks.com/viec-lam?g=5&q=Firmware&page=5
2026-03-29 03:05:50,243 [INFO]   Page 3: found 26 jobs. New items: 0
2026-03-29 03:05:51,753 [INFO]     21 scraped, 0 new (total collected: 10)
2026-03-29 03:05:51,756 [INFO]   [EMBEDDED][Firmware] Page 6: https://www.vietnamworks.com/viec-lam?g=5&q=Firmware&page=6
2026-03-29 03:05:56,733 [INFO]   Page 4: found 26 jobs. New items: 0
2026-03-29 03:05:57,769 [INFO]     21 scraped, 0 new (total collected: 10)
2026-03-29 03:05:57,770 [INFO]   [EMBEDDED][Firmware] Page 7: https://www.vietnamworks.com/viec-lam?g=5&q=Firmware&page=7
2026-03-29 03:06:03,423 [INFO]   Page 5: found 26 jobs. New items: 0
2026-03-29 03:06:03,846 [INFO]     21 scraped, 0 new (total collected: 10)
2026-03-29 03:06:03,848 [INFO]   [EMBEDDED][Firmware] Page 8: https://www.vietnamworks.com/viec-lam?g=5&q=Firmware&page=8
2026-03-29 03:06:09,730 [INFO]     21 scraped, 0 new (total collected: 10)
2026-03-29 03:06:09,731 [INFO]   [EMBEDDED][Firmware] Page 9: https://www.vietnamworks.com/viec-lam?g=5&q=Firmware&page=9
2026-03-29 03:06:09,760 [INFO]   Page 6: found 26 jobs. New items: 0
2026-03-29 03:06:15,916 [INFO]     21 scraped, 0 new (total collected: 10)
2026-03-29 03:06:15,917 [INFO]   [EMBEDDED][Firmware] Page 10: https://www.vietnamworks.com/viec-lam?g=5&q=Firmware&page=10
2026-03-29 03:06:15,996 [INFO]   Page 7: found 26 jobs. New items: 0
2026-03-29 03:06:22,255 [INFO]     21 scraped, 0 new (total collected: 10)
2026-03-29 03:06:22,879 [INFO]   Page 8: found 26 jobs. New items: 0
2026-03-29 03:06:24,548 [INFO]   Collected 10 URLs for 'Firmware'. Starting detail extraction...
2026-03-29 03:06:30,627 [INFO]   Page 9: found 26 jobs. New items: 0
2026-03-29 03:06:37,557 [INFO]   Page 10: found 26 jobs. New items: 0
2026-03-29 03:06:37,709 [INFO]     [SKIP] Non-IT: Industrial Sales Executive (Chinese Speaking) | Hai Phong & Hai Duong
2026-03-29 03:06:38,786 [INFO]     [SKIP] Non-IT: Nhân Viên Thiết Kế Thời Trang
2026-03-29 03:06:39,314 [INFO]     [SKIP] Non-IT: Kỹ Sư Trắc Đạc (Lương 20 -26 Triệu/ Tháng)
2026-03-29 03:06:39,518 [INFO]     [SKIP] Non-IT: Sales Supervisor – Medical Equipment
2026-03-29 03:06:39,656 [INFO]     [SKIP] Non-IT: Tuyển Nữ - Nhân Viên Kế Toán Lương Upto 13 Triệu/tháng
2026-03-29 03:07:02,794 [INFO]     [SKIP] Non-IT: Kế Toán Tổng Hợp
2026-03-29 03:07:03,012 [INFO]     [SKIP] Final Filter (Non-IT): Nhân Viên Thiết Kế Thời Trang
2026-03-29 03:07:03,045 [INFO]     [SKIP] Non-IT: Kế Toán Tổng Hợp (General Accountant)
2026-03-29 03:07:03,075 [INFO]     [SKIP] Non-IT: Nhân Viên Kinh Doanh (Không Yêu Cầu Kinh Nghiệm)
2026-03-29 03:07:03,137 [INFO]     [SKIP] Final Filter (Non-IT): Kỹ Sư Trắc Đạc (Lương 20 -26 Triệu/ Tháng)
2026-03-29 03:07:03,259 [INFO]     [SKIP] Non-IT: Chuyên Viên Kinh Doanh Nhựa Công Nghiệp – Lương Cứng Upto 17 Triệu + Thưởng Doanh Số, Hoa Hồng
2026-03-29 03:07:03,290 [INFO]     [SKIP] Non-IT: Tuyển Dụng Nhân Viên Kinh Doanh
2026-03-29 03:07:03,291 [INFO] 
[CAT] GAME: searching ['Game Developer', 'Unity', 'Unreal']
2026-03-29 03:07:03,515 [INFO]     [SKIP] Final Filter (Non-IT): Sales Supervisor – Medical Equipment
2026-03-29 03:07:03,930 [INFO]     [SKIP] Final Filter (Non-IT): Tuyển Nữ - Nhân Viên Kế Toán Lương Upto 13 Triệu/tháng
2026-03-29 03:07:05,158 [INFO]   [GAME][Game Developer] Page 1: https://www.vietnamworks.com/viec-lam?g=5&q=Game Developer&page=1
2026-03-29 03:07:09,513 [INFO]     [SKIP] Final Filter (Non-IT): Industrial Sales Executive (Chinese Speaking) | Hai Phong & Hai Duong
2026-03-29 03:07:17,111 [INFO]     [SKIP] Final Filter (Non-IT): Kế Toán Tổng Hợp
2026-03-29 03:07:17,506 [INFO]     3 scraped, 0 new (total collected: 0)
2026-03-29 03:07:17,507 [INFO]   [GAME][Game Developer] Page 2: https://www.vietnamworks.com/viec-lam?g=5&q=Game Developer&page=2
2026-03-29 03:07:18,166 [INFO]     [SKIP] Final Filter (Non-IT): Chuyên Viên Kinh Doanh Nhựa Công Nghiệp – Lương Cứng Upto 17 Triệu + Thưởng Doanh Số, Hoa Hồng
2026-03-29 03:07:18,606 [INFO]     [SKIP] Final Filter (Non-IT): Tuyển Dụng Nhân Viên Kinh Doanh
2026-03-29 03:07:20,010 [INFO]     [SKIP] Final Filter (Non-IT): Kế Toán Tổng Hợp (General Accountant)
2026-03-29 03:07:22,311 [INFO]     [SKIP] Final Filter (Non-IT): Nhân Viên Kinh Doanh (Không Yêu Cầu Kinh Nghiệm)
2026-03-29 03:07:22,315 [INFO] --- Searching for keyword: Firmware ---
2026-03-29 03:07:22,317 [INFO] >> Phase 1: Collecting jobs for 'Firmware' (EMBEDDED)
2026-03-29 03:07:23,884 [INFO]     21 scraped, 10 new (total collected: 10)
2026-03-29 03:07:23,885 [INFO]   [GAME][Game Developer] Page 3: https://www.vietnamworks.com/viec-lam?g=5&q=Game Developer&page=3
2026-03-29 03:07:29,964 [INFO]     21 scraped, 0 new (total collected: 10)
2026-03-29 03:07:29,964 [INFO]   [GAME][Game Developer] Page 4: https://www.vietnamworks.com/viec-lam?g=5&q=Game Developer&page=4
2026-03-29 03:07:32,164 [INFO]   Page 1: found 21 jobs. New items: 10
2026-03-29 03:07:36,545 [INFO]     21 scraped, 0 new (total collected: 10)
2026-03-29 03:07:36,545 [INFO]   [GAME][Game Developer] Page 5: https://www.vietnamworks.com/viec-lam?g=5&q=Game Developer&page=5
2026-03-29 03:07:38,840 [INFO]   Page 2: found 21 jobs. New items: 0
2026-03-29 03:07:42,990 [INFO]     21 scraped, 0 new (total collected: 10)
2026-03-29 03:07:42,990 [INFO]   [GAME][Game Developer] Page 6: https://www.vietnamworks.com/viec-lam?g=5&q=Game Developer&page=6
2026-03-29 03:07:45,411 [INFO]   Page 3: found 21 jobs. New items: 0
2026-03-29 03:07:49,259 [INFO]     21 scraped, 0 new (total collected: 10)
2026-03-29 03:07:49,262 [INFO]   [GAME][Game Developer] Page 7: https://www.vietnamworks.com/viec-lam?g=5&q=Game Developer&page=7
2026-03-29 03:07:51,673 [INFO]   Page 4: found 21 jobs. New items: 0
2026-03-29 03:07:55,791 [INFO]     21 scraped, 0 new (total collected: 10)
2026-03-29 03:07:55,795 [INFO]   [GAME][Game Developer] Page 8: https://www.vietnamworks.com/viec-lam?g=5&q=Game Developer&page=8
2026-03-29 03:07:57,797 [INFO]   Page 5: found 21 jobs. New items: 0
2026-03-29 03:08:02,223 [INFO]     21 scraped, 0 new (total collected: 10)
2026-03-29 03:08:02,224 [INFO]   [GAME][Game Developer] Page 9: https://www.vietnamworks.com/viec-lam?g=5&q=Game Developer&page=9
2026-03-29 03:08:04,156 [INFO]   Page 6: found 21 jobs. New items: 0
2026-03-29 03:08:08,432 [INFO]     21 scraped, 0 new (total collected: 10)
2026-03-29 03:08:08,432 [INFO]   [GAME][Game Developer] Page 10: https://www.vietnamworks.com/viec-lam?g=5&q=Game Developer&page=10
2026-03-29 03:08:10,225 [INFO]   Page 7: found 21 jobs. New items: 0
2026-03-29 03:08:14,423 [INFO]     21 scraped, 0 new (total collected: 10)
2026-03-29 03:08:16,131 [INFO]   Page 8: found 21 jobs. New items: 0
2026-03-29 03:08:16,812 [INFO]   Collected 10 URLs for 'Game Developer'. Starting detail extraction...
2026-03-29 03:08:23,165 [INFO]   Page 9: found 21 jobs. New items: 0
2026-03-29 03:08:29,479 [INFO]   Page 10: found 21 jobs. New items: 0
2026-03-29 03:08:30,939 [INFO]     [SKIP] Non-IT: Sales Supervisor – Medical Equipment
2026-03-29 03:08:31,304 [INFO]     [SKIP] Non-IT: Nhân Viên Thiết Kế Thời Trang
2026-03-29 03:08:31,531 [INFO]     [SKIP] Non-IT: Kỹ Sư Trắc Đạc (Lương 20 -26 Triệu/ Tháng)
2026-03-29 03:08:31,826 [INFO]     [SKIP] Non-IT: Tuyển Nữ - Nhân Viên Kế Toán Lương Upto 13 Triệu/tháng
2026-03-29 03:08:32,003 [INFO]     [SKIP] Non-IT: Industrial Sales Executive (Chinese Speaking) | Hai Phong & Hai Duong
2026-03-29 03:08:53,841 [INFO]     [SKIP] Non-IT: Tuyển Dụng Nhân Viên Kinh Doanh
2026-03-29 03:08:53,951 [INFO]     [SKIP] Final Filter (Non-IT): Kỹ Sư Trắc Đạc (Lương 20 -26 Triệu/ Tháng)
2026-03-29 03:08:54,090 [INFO]     [SKIP] Non-IT: Nhân Viên Kinh Doanh (Không Yêu Cầu Kinh Nghiệm)
2026-03-29 03:08:54,187 [INFO]     [SKIP] Final Filter (Non-IT): Nhân Viên Thiết Kế Thời Trang
2026-03-29 03:08:54,256 [INFO]     [SKIP] Non-IT: Kế Toán Tổng Hợp (General Accountant)
2026-03-29 03:08:54,396 [INFO]     [SKIP] Non-IT: Chuyên Viên Kinh Doanh Nhựa Công Nghiệp – Lương Cứng Upto 17 Triệu + Thưởng Doanh Số, Hoa Hồng
2026-03-29 03:08:54,456 [INFO]     [SKIP] Non-IT: Kế Toán Tổng Hợp
2026-03-29 03:08:54,604 [INFO]     [SKIP] Final Filter (Non-IT): Industrial Sales Executive (Chinese Speaking) | Hai Phong & Hai Duong
2026-03-29 03:08:56,716 [INFO]   [GAME][Unity] Page 1: https://www.vietnamworks.com/viec-lam?g=5&q=Unity&page=1
2026-03-29 03:09:04,788 [INFO]     [SKIP] Final Filter (Non-IT): Sales Supervisor – Medical Equipment
2026-03-29 03:09:05,097 [INFO]     [SKIP] Final Filter (Non-IT): Tuyển Nữ - Nhân Viên Kế Toán Lương Upto 13 Triệu/tháng
2026-03-29 03:09:08,705 [INFO]     6 scraped, 5 new (total collected: 5)
2026-03-29 03:09:08,706 [INFO]   [GAME][Unity] Page 2: https://www.vietnamworks.com/viec-lam?g=5&q=Unity&page=2
2026-03-29 03:09:09,529 [INFO]     [SKIP] Final Filter (Non-IT): Chuyên Viên Kinh Doanh Nhựa Công Nghiệp – Lương Cứng Upto 17 Triệu + Thưởng Doanh Số, Hoa Hồng
2026-03-29 03:09:10,208 [INFO]     [SKIP] Final Filter (Non-IT): Tuyển Dụng Nhân Viên Kinh Doanh
2026-03-29 03:09:10,637 [INFO]     [SKIP] Final Filter (Non-IT): Kế Toán Tổng Hợp
2026-03-29 03:09:15,544 [INFO]     26 scraped, 10 new (total collected: 15)
2026-03-29 03:09:15,545 [INFO]   [GAME][Unity] Page 3: https://www.vietnamworks.com/viec-lam?g=5&q=Unity&page=3
2026-03-29 03:09:16,849 [INFO]     [SKIP] Final Filter (Non-IT): Kế Toán Tổng Hợp (General Accountant)
2026-03-29 03:09:17,997 [INFO]     [SKIP] Final Filter (Non-IT): Nhân Viên Kinh Doanh (Không Yêu Cầu Kinh Nghiệm)
2026-03-29 03:09:18,000 [INFO] [CAT DONE] EMBEDDED: total 13 new jobs added.
2026-03-29 03:09:18,001 [INFO] 
[START] Category: GAME (Searching for keywords)
2026-03-29 03:09:18,003 [INFO] --- Searching for keyword: GAME ---
2026-03-29 03:09:18,006 [INFO] >> Phase 1: Collecting jobs for 'GAME' (GAME)
2026-03-29 03:09:22,043 [INFO]     26 scraped, 0 new (total collected: 15)
2026-03-29 03:09:22,044 [INFO]   [GAME][Unity] Page 4: https://www.vietnamworks.com/viec-lam?g=5&q=Unity&page=4
2026-03-29 03:09:27,988 [INFO]   Page 1: found 8 jobs. New items: 2
2026-03-29 03:09:28,778 [INFO]     26 scraped, 0 new (total collected: 15)
2026-03-29 03:09:28,779 [INFO]   [GAME][Unity] Page 5: https://www.vietnamworks.com/viec-lam?g=5&q=Unity&page=5
2026-03-29 03:09:34,655 [INFO]   Page 2: found 21 jobs. New items: 10
2026-03-29 03:09:35,290 [INFO]     26 scraped, 0 new (total collected: 15)
2026-03-29 03:09:35,295 [INFO]   [GAME][Unity] Page 6: https://www.vietnamworks.com/viec-lam?g=5&q=Unity&page=6
2026-03-29 03:09:40,818 [INFO]   Page 3: found 21 jobs. New items: 0
2026-03-29 03:09:41,929 [INFO]     26 scraped, 0 new (total collected: 15)
2026-03-29 03:09:41,929 [INFO]   [GAME][Unity] Page 7: https://www.vietnamworks.com/viec-lam?g=5&q=Unity&page=7
2026-03-29 03:09:47,420 [INFO]   Page 4: found 21 jobs. New items: 0
2026-03-29 03:09:48,585 [INFO]     26 scraped, 0 new (total collected: 15)
2026-03-29 03:09:48,585 [INFO]   [GAME][Unity] Page 8: https://www.vietnamworks.com/viec-lam?g=5&q=Unity&page=8
2026-03-29 03:09:53,658 [INFO]   Page 5: found 21 jobs. New items: 0
2026-03-29 03:09:54,892 [INFO]     26 scraped, 0 new (total collected: 15)
2026-03-29 03:09:54,892 [INFO]   [GAME][Unity] Page 9: https://www.vietnamworks.com/viec-lam?g=5&q=Unity&page=9
2026-03-29 03:09:59,934 [INFO]   Page 6: found 21 jobs. New items: 0
2026-03-29 03:10:01,330 [INFO]     26 scraped, 0 new (total collected: 15)
2026-03-29 03:10:01,331 [INFO]   [GAME][Unity] Page 10: https://www.vietnamworks.com/viec-lam?g=5&q=Unity&page=10
2026-03-29 03:10:06,316 [INFO]   Page 7: found 21 jobs. New items: 0
2026-03-29 03:10:08,440 [INFO]     26 scraped, 0 new (total collected: 15)
2026-03-29 03:10:10,710 [INFO]   Collected 15 URLs for 'Unity'. Starting detail extraction...
2026-03-29 03:10:12,731 [INFO]   Page 8: found 21 jobs. New items: 0
2026-03-29 03:10:21,173 [INFO]   Page 9: found 21 jobs. New items: 0
2026-03-29 03:10:25,040 [INFO]   [1/15] [OK] Game UI Designer | DATA
2026-03-29 03:10:25,972 [INFO]   [2/15] [OK] Merchandising Cum Quality Control Executive / Nhân Viên Merchandising kiêm Kiểm Soát Chất Lượng | OTHER_IT
2026-03-29 03:10:26,435 [INFO]   [3/15] [OK] UA 3D Designer | OTHER_IT
2026-03-29 03:10:26,665 [INFO]     [SKIP] Non-IT: Kỹ Sư Trắc Đạc (Lương 20 -26 Triệu/ Tháng)
2026-03-29 03:10:26,776 [INFO]   [5/15] [OK] Kỹ Sư Shop Drawing (Lương 20 -28 Triệu/ Tháng) | DATA
2026-03-29 03:10:27,295 [INFO]   Page 10: found 21 jobs. New items: 0
2026-03-29 03:10:54,572 [INFO]     [SKIP] Non-IT: Nhân Viên Thiết Kế Thời Trang
2026-03-29 03:10:54,588 [INFO]     [SKIP] Non-IT: Sales Supervisor – Medical Equipment
2026-03-29 03:10:54,666 [INFO]     [SKIP] Non-IT: Industrial Sales Executive (Chinese Speaking) | Hai Phong & Hai Duong
2026-03-29 03:10:54,884 [INFO]     [SKIP] Non-IT: Kỹ Sư Trắc Đạc (Lương 20 -26 Triệu/ Tháng)
2026-03-29 03:10:54,885 [INFO]     [SKIP] Non-IT: Tuyển Nữ - Nhân Viên Kế Toán Lương Upto 13 Triệu/tháng
2026-03-29 03:10:54,990 [INFO]     [SKIP] Final Filter (Non-IT): Kỹ Sư Trắc Đạc (Lương 20 -26 Triệu/ Tháng)
2026-03-29 03:10:55,085 [INFO]   [2/12] [OK] Game UI Designer
2026-03-29 03:11:21,323 [INFO]     [SKIP] Final Filter (Non-IT): Sales Supervisor – Medical Equipment
2026-03-29 03:11:21,337 [INFO]     [SKIP] Final Filter (Non-IT): Tuyển Nữ - Nhân Viên Kế Toán Lương Upto 13 Triệu/tháng
2026-03-29 03:11:21,369 [INFO]     [SKIP] Final Filter (Non-IT): Nhân Viên Thiết Kế Thời Trang
2026-03-29 03:11:21,756 [INFO]     [SKIP] Non-IT: Kế Toán Tổng Hợp
2026-03-29 03:11:36,622 [INFO]     [SKIP] Non-IT: Kế Toán Tổng Hợp (General Accountant)
2026-03-29 03:11:38,263 [INFO]     [SKIP] Final Filter (Non-IT): Kế Toán Tổng Hợp
2026-03-29 03:11:39,668 [INFO]     [SKIP] Final Filter (Non-IT): Chuyên Viên Kinh Doanh Nhựa Công Nghiệp – Lương Cứng Upto 17 Triệu + Thưởng Doanh Số, Hoa Hồng
2026-03-29 03:11:43,718 [INFO]     [SKIP] Final Filter (Non-IT): Tuyển Dụng Nhân Viên Kinh Doanh
2026-03-29 03:11:51,065 [INFO]     [SKIP] Final Filter (Non-IT): Kế Toán Tổng Hợp (General Accountant)
2026-03-29 03:11:52,710 [INFO]     [SKIP] Final Filter (Non-IT): Nhân Viên Kinh Doanh (Không Yêu Cầu Kinh Nghiệm)
2026-03-29 03:12:35,160 [ERROR] Detail error https://www.vietnamworks.com/ui-artist-2023015-jv: HTTPConnectionPool(host='localhost', port=53704): Read timed out. (read timeout=120)
2026-03-29 03:12:57,399 [ERROR] Detail error https://www.vietnamworks.com/tuyen-dung-nhan-vien-kinh-doanh--2019491-jv/: HTTPConnectionPool(host='localhost', port=62996): Read timed out. (read timeout=120)
2026-03-29 03:12:57,415 [ERROR] Detail error https://www.vietnamworks.com/chuyen-vien-kinh-doanh-nhua-cong-nghiep-luong-cung-upto-17-trieu-thuong-doanh-so-hoa-hong-2021538-jv/: HTTPConnectionPool(host='localhost', port=62997): Read timed out. (read timeout=120)
2026-03-29 03:12:59,210 [ERROR] Detail error https://www.vietnamworks.com/industrial-sales-executive-chinese-speaking-or-hai-phong-and-hai-duong-2018942-jv/: HTTPConnectionPool(host='localhost', port=51828): Read timed out. (read timeout=120)
2026-03-29 03:12:59,271 [ERROR] Detail error https://www.vietnamworks.com/nhan-vien-kinh-doanh-khong-yeu-cau-kinh-nghiem--2026476-jv/: HTTPConnectionPool(host='localhost', port=50204): Read timed out. (read timeout=120)
2026-03-29 03:14:35,176 [WARNING] Retrying (Retry(total=2, connect=None, read=None, redirect=None, status=None)) after connection broken by 'ReadTimeoutError("HTTPConnectionPool(host='localhost', port=53704): Read timed out. (read timeout=120)")': /session/0330ec9984a89efd32f3921ca29e5336
2026-03-29 03:14:57,421 [WARNING] Retrying (Retry(total=2, connect=None, read=None, redirect=None, status=None)) after connection broken by 'ReadTimeoutError("HTTPConnectionPool(host='localhost', port=62996): Read timed out. (read timeout=120)")': /session/6ad32ae1da5d28192a0f6590d5b7ff94
2026-03-29 03:14:57,436 [WARNING] Retrying (Retry(total=2, connect=None, read=None, redirect=None, status=None)) after connection broken by 'ReadTimeoutError("HTTPConnectionPool(host='localhost', port=62997): Read timed out. (read timeout=120)")': /session/2452f1cbca57e3c7434e586c613743f3
2026-03-29 03:14:59,255 [WARNING] Retrying (Retry(total=2, connect=None, read=None, redirect=None, status=None)) after connection broken by 'ReadTimeoutError("HTTPConnectionPool(host='localhost', port=51828): Read timed out. (read timeout=120)")': /session/a1ca47186bac75b4268f6a60f4ce0b95
2026-03-29 03:14:59,287 [WARNING] Retrying (Retry(total=2, connect=None, read=None, redirect=None, status=None)) after connection broken by 'ReadTimeoutError("HTTPConnectionPool(host='localhost', port=50204): Read timed out. (read timeout=120)")': /session/e039066e83046f1db09e216063e76c36
2026-03-29 03:15:37,624 [ERROR] Worker failed: 'description'
2026-03-29 03:15:59,780 [ERROR] Worker failed: 'description'
2026-03-29 03:15:59,811 [ERROR] Worker failed: 'description'
2026-03-29 03:16:01,545 [ERROR] Worker failed: 'description'
2026-03-29 03:16:01,553 [INFO] [SAVE] Added 1 new IT jobs to data\vnworks_it_full.csv
2026-03-29 03:16:01,560 [INFO] --- Searching for keyword: Game Developer ---
2026-03-29 03:16:01,561 [INFO] >> Phase 1: Collecting jobs for 'Game Developer' (GAME)
2026-03-29 03:16:01,570 [ERROR] Worker failed: 'description'
2026-03-29 03:16:01,580 [INFO] [SAVE] +4 jobs for keyword 'Unity' → data\vnworks_it_full.csv
2026-03-29 03:16:03,000 [INFO]   [GAME][Unreal] Page 1: https://www.vietnamworks.com/viec-lam?g=5&q=Unreal&page=1
2026-03-29 03:16:11,471 [INFO]   Page 1: found 3 jobs. New items: 0
2026-03-29 03:16:11,826 [INFO]     21 scraped, 10 new (total collected: 10)
2026-03-29 03:16:11,827 [INFO]   [GAME][Unreal] Page 2: https://www.vietnamworks.com/viec-lam?g=5&q=Unreal&page=2
2026-03-29 03:16:17,836 [INFO]   Page 2: found 21 jobs. New items: 10
2026-03-29 03:16:17,967 [INFO]     21 scraped, 0 new (total collected: 10)
2026-03-29 03:16:17,967 [INFO]   [GAME][Unreal] Page 3: https://www.vietnamworks.com/viec-lam?g=5&q=Unreal&page=3
2026-03-29 03:16:23,808 [INFO]   Page 3: found 21 jobs. New items: 0
2026-03-29 03:16:23,848 [INFO]     21 scraped, 0 new (total collected: 10)
2026-03-29 03:16:23,853 [INFO]   [GAME][Unreal] Page 4: https://www.vietnamworks.com/viec-lam?g=5&q=Unreal&page=4
2026-03-29 03:16:29,737 [INFO]   Page 4: found 21 jobs. New items: 0
2026-03-29 03:16:29,741 [INFO]     21 scraped, 0 new (total collected: 10)
2026-03-29 03:16:29,743 [INFO]   [GAME][Unreal] Page 5: https://www.vietnamworks.com/viec-lam?g=5&q=Unreal&page=5
2026-03-29 03:16:35,964 [INFO]   Page 5: found 21 jobs. New items: 0
2026-03-29 03:16:35,977 [INFO]     21 scraped, 0 new (total collected: 10)
2026-03-29 03:16:35,978 [INFO]   [GAME][Unreal] Page 6: https://www.vietnamworks.com/viec-lam?g=5&q=Unreal&page=6
2026-03-29 03:16:41,956 [INFO]     21 scraped, 0 new (total collected: 10)
2026-03-29 03:16:41,956 [INFO]   [GAME][Unreal] Page 7: https://www.vietnamworks.com/viec-lam?g=5&q=Unreal&page=7
2026-03-29 03:16:41,987 [INFO]   Page 6: found 21 jobs. New items: 0
2026-03-29 03:16:47,832 [INFO]     21 scraped, 0 new (total collected: 10)
2026-03-29 03:16:47,832 [INFO]   [GAME][Unreal] Page 8: https://www.vietnamworks.com/viec-lam?g=5&q=Unreal&page=8
2026-03-29 03:16:47,880 [INFO]   Page 7: found 21 jobs. New items: 0
2026-03-29 03:16:53,806 [INFO]     21 scraped, 0 new (total collected: 10)
2026-03-29 03:16:53,807 [INFO]   [GAME][Unreal] Page 9: https://www.vietnamworks.com/viec-lam?g=5&q=Unreal&page=9
2026-03-29 03:16:53,809 [INFO]   Page 8: found 21 jobs. New items: 0
2026-03-29 03:16:59,752 [INFO]   Page 9: found 21 jobs. New items: 0
2026-03-29 03:16:59,767 [INFO]     21 scraped, 0 new (total collected: 10)
2026-03-29 03:16:59,769 [INFO]   [GAME][Unreal] Page 10: https://www.vietnamworks.com/viec-lam?g=5&q=Unreal&page=10
2026-03-29 03:17:05,720 [INFO]     21 scraped, 0 new (total collected: 10)
2026-03-29 03:17:05,804 [INFO]   Page 10: found 21 jobs. New items: 0
2026-03-29 03:17:08,017 [INFO]   Collected 10 URLs for 'Unreal'. Starting detail extraction...
2026-03-29 03:17:33,675 [INFO]     [SKIP] Final Filter (Non-IT): Industrial Sales Executive (Chinese Speaking) | Hai Phong & Hai Duong
2026-03-29 03:17:33,770 [INFO]     [SKIP] Non-IT: Nhân Viên Thiết Kế Thời Trang
2026-03-29 03:17:34,155 [INFO]     [SKIP] Non-IT: Tuyển Nữ - Nhân Viên Kế Toán Lương Upto 13 Triệu/tháng
2026-03-29 03:17:34,458 [INFO]     [SKIP] Non-IT: Industrial Sales Executive (Chinese Speaking) | Hai Phong & Hai Duong
2026-03-29 03:17:34,613 [INFO]     [SKIP] Final Filter (Non-IT): Tuyển Nữ - Nhân Viên Kế Toán Lương Upto 13 Triệu/tháng
2026-03-29 03:17:34,680 [INFO]     [SKIP] Final Filter (Non-IT): Nhân Viên Thiết Kế Thời Trang
2026-03-29 03:17:34,882 [INFO]     [SKIP] Non-IT: Sales Supervisor – Medical Equipment
2026-03-29 03:17:34,913 [INFO]     [SKIP] Final Filter (Non-IT): Sales Supervisor – Medical Equipment
2026-03-29 03:17:34,995 [INFO]     [SKIP] Non-IT: Kỹ Sư Trắc Đạc (Lương 20 -26 Triệu/ Tháng)
2026-03-29 03:17:35,028 [INFO]     [SKIP] Final Filter (Non-IT): Kỹ Sư Trắc Đạc (Lương 20 -26 Triệu/ Tháng)
2026-03-29 03:17:54,288 [INFO]     [SKIP] Final Filter (Non-IT): Kế Toán Tổng Hợp
2026-03-29 03:17:55,100 [INFO]     [SKIP] Non-IT: Chuyên Viên Kinh Doanh Nhựa Công Nghiệp – Lương Cứng Upto 17 Triệu + Thưởng Doanh Số, Hoa Hồng
2026-03-29 03:17:56,511 [INFO]     [SKIP] Non-IT: Kế Toán Tổng Hợp
2026-03-29 03:17:56,652 [INFO]     [SKIP] Final Filter (Non-IT): Chuyên Viên Kinh Doanh Nhựa Công Nghiệp – Lương Cứng Upto 17 Triệu + Thưởng Doanh Số, Hoa Hồng
2026-03-29 03:17:56,746 [INFO]     [SKIP] Non-IT: Tuyển Dụng Nhân Viên Kinh Doanh
2026-03-29 03:17:56,995 [INFO]     [SKIP] Final Filter (Non-IT): Tuyển Dụng Nhân Viên Kinh Doanh
2026-03-29 03:17:57,072 [INFO]     [SKIP] Non-IT: Kế Toán Tổng Hợp (General Accountant)
2026-03-29 03:17:57,364 [INFO]     [SKIP] Final Filter (Non-IT): Kế Toán Tổng Hợp (General Accountant)
2026-03-29 03:18:02,503 [INFO]     [SKIP] Final Filter (Non-IT): Nhân Viên Kinh Doanh (Không Yêu Cầu Kinh Nghiệm)
2026-03-29 03:18:02,509 [INFO] --- Searching for keyword: Unity ---
2026-03-29 03:18:02,510 [INFO] >> Phase 1: Collecting jobs for 'Unity' (GAME)
2026-03-29 03:18:03,612 [INFO]     [SKIP] Non-IT: Nhân Viên Kinh Doanh (Không Yêu Cầu Kinh Nghiệm)
2026-03-29 03:18:03,614 [INFO] 
[DONE] General crawl finished. Total new jobs added: 366
2026-03-29 03:18:13,817 [INFO]   Page 1: found 6 jobs. New items: 1
2026-03-29 03:18:20,862 [INFO]   Page 2: found 26 jobs. New items: 10
2026-03-29 03:18:27,991 [INFO]   Page 3: found 26 jobs. New items: 0
2026-03-29 03:18:35,021 [INFO]   Page 4: found 26 jobs. New items: 0
2026-03-29 03:18:42,013 [INFO]   Page 5: found 26 jobs. New items: 0
2026-03-29 03:18:48,999 [INFO]   Page 6: found 26 jobs. New items: 0
2026-03-29 03:18:55,889 [INFO]   Page 7: found 26 jobs. New items: 0
2026-03-29 03:19:02,968 [INFO]   Page 8: found 26 jobs. New items: 0
2026-03-29 03:19:09,711 [INFO]   Page 9: found 26 jobs. New items: 0
2026-03-29 03:19:17,196 [INFO]   Page 10: found 26 jobs. New items: 0
2026-03-29 03:19:32,505 [INFO]     [SKIP] Final Filter (Non-IT): Industrial Sales Executive (Chinese Speaking) | Hai Phong & Hai Duong
2026-03-29 03:19:32,842 [INFO]     [SKIP] Final Filter (Non-IT): Kỹ Sư Trắc Đạc (Lương 20 -26 Triệu/ Tháng)
2026-03-29 03:19:33,060 [INFO]     [SKIP] Final Filter (Non-IT): Sales Supervisor – Medical Equipment
2026-03-29 03:19:33,279 [INFO]     [SKIP] Final Filter (Non-IT): Tuyển Nữ - Nhân Viên Kế Toán Lương Upto 13 Triệu/tháng
2026-03-29 03:19:33,467 [INFO]     [SKIP] Final Filter (Non-IT): Kỹ Sư Trắc Đạc (Lương 20 -26 Triệu/ Tháng)
2026-03-29 03:19:45,435 [INFO]     [SKIP] Final Filter (Non-IT): Kế Toán Tổng Hợp
2026-03-29 03:19:45,697 [INFO]     [SKIP] Final Filter (Non-IT): Nhân Viên Thiết Kế Thời Trang
2026-03-29 03:19:45,976 [INFO]     [SKIP] Final Filter (Non-IT): Tuyển Dụng Nhân Viên Kinh Doanh
2026-03-29 03:19:46,256 [INFO]     [SKIP] Final Filter (Non-IT): Chuyên Viên Kinh Doanh Nhựa Công Nghiệp – Lương Cứng Upto 17 Triệu + Thưởng Doanh Số, Hoa Hồng
2026-03-29 03:19:46,524 [INFO]     [SKIP] Final Filter (Non-IT): Kế Toán Tổng Hợp (General Accountant)
2026-03-29 03:19:57,836 [INFO]     [SKIP] Final Filter (Non-IT): Nhân Viên Kinh Doanh (Không Yêu Cầu Kinh Nghiệm)
2026-03-29 03:19:57,838 [INFO] --- Searching for keyword: Unreal ---
2026-03-29 03:19:57,838 [INFO] >> Phase 1: Collecting jobs for 'Unreal' (GAME)
2026-03-29 03:20:07,934 [INFO]   Page 1: found 21 jobs. New items: 10
2026-03-29 03:20:14,562 [INFO]   Page 2: found 21 jobs. New items: 0
2026-03-29 03:20:21,240 [INFO]   Page 3: found 21 jobs. New items: 0
2026-03-29 03:20:27,820 [INFO]   Page 4: found 21 jobs. New items: 0
2026-03-29 03:20:34,241 [INFO]   Page 5: found 21 jobs. New items: 0
2026-03-29 03:20:40,713 [INFO]   Page 6: found 21 jobs. New items: 0
2026-03-29 03:20:47,393 [INFO]   Page 7: found 21 jobs. New items: 0
2026-03-29 03:20:54,098 [INFO]   Page 8: found 21 jobs. New items: 0
2026-03-29 03:21:00,497 [INFO]   Page 9: found 21 jobs. New items: 0
2026-03-29 03:21:07,659 [INFO]   Page 10: found 21 jobs. New items: 0
2026-03-29 03:21:23,879 [INFO]     [SKIP] Final Filter (Non-IT): Kỹ Sư Trắc Đạc (Lương 20 -26 Triệu/ Tháng)
2026-03-29 03:21:23,881 [INFO]     [SKIP] Final Filter (Non-IT): Sales Supervisor – Medical Equipment
2026-03-29 03:21:24,392 [INFO]     [SKIP] Final Filter (Non-IT): Nhân Viên Thiết Kế Thời Trang
2026-03-29 03:21:25,435 [INFO]     [SKIP] Final Filter (Non-IT): Industrial Sales Executive (Chinese Speaking) | Hai Phong & Hai Duong
2026-03-29 03:21:25,687 [INFO]     [SKIP] Final Filter (Non-IT): Tuyển Nữ - Nhân Viên Kế Toán Lương Upto 13 Triệu/tháng
2026-03-29 03:21:36,956 [INFO]     [SKIP] Final Filter (Non-IT): Kế Toán Tổng Hợp
2026-03-29 03:21:37,373 [INFO]     [SKIP] Final Filter (Non-IT): Tuyển Dụng Nhân Viên Kinh Doanh
2026-03-29 03:21:37,574 [INFO]     [SKIP] Final Filter (Non-IT): Chuyên Viên Kinh Doanh Nhựa Công Nghiệp – Lương Cứng Upto 17 Triệu + Thưởng Doanh Số, Hoa Hồng
2026-03-29 03:21:38,723 [INFO]     [SKIP] Final Filter (Non-IT): Kế Toán Tổng Hợp (General Accountant)
2026-03-29 03:21:39,049 [INFO]     [SKIP] Final Filter (Non-IT): Nhân Viên Kinh Doanh (Không Yêu Cầu Kinh Nghiệm)
2026-03-29 03:21:39,061 [INFO] [CAT DONE] GAME: total 1 new jobs added.
2026-03-29 03:21:39,062 [INFO] 
[DONE] Finished crawling all categories. Total new jobs added this session: 490
